	S210421121677	S210421121678	S210421121679	S210421121680	S210421121681	S210421121685	S210421121686	S210421121687	S210421121703	S210421121704	S210421121705	S210421121706
1CMET2-PWY	97869.34612424612	29117.586412832166	111231.19023458364	72090.79622684566	60553.655073040805	65367.99837934736	21323.64900413544	24863.55690852437	7347.959218115167	1640.514395291519	115737.13795657133	93664.48125733726
3-HYDROXYPHENYLACETATE-DEGRADATION-PWY	6.324278981596269	1.3258091727530605	60.498761321973056	90.65676280281546	25.119173977771073	26.006669907720934	0.3370513916268466	3.707140079911646	485.5902791209597	0.17427899737707273	260.82290227779566	1012.5896588194305
AEROBACTINSYN-PWY	271.51034501390745	20.80710684682053	28.843513237858325	101.74231149885144	38.67345685513875	57.83553305261755	2.4866416269254645	21.458032163859414	83.5268637136093	6.722286893383729	48.849230450603756	100.83553663575903
ALL-CHORISMATE-PWY	5236.524973092651	305.0796895225858	418.69263993989335	1609.3185302733834	610.6915785890795	1156.6381817736421	62.63889320749325	414.79520770840014	568.6309722721595	40.111010347827886	735.526111157118	1556.0733639229372
ANAEROFRUCAT-PWY	61500.82219076954	31040.451812299478	64626.563383639994	80163.85177794298	46528.58372268743	68093.31010456911	21254.090990022294	26200.976674537676	9700.10453880562	1738.17416504115	103912.50257096297	93825.89230727643
ANAGLYCOLYSIS-PWY	122522.82114125052	37517.9114168578	137068.21321709483	93662.90432337217	73934.68021669972	89673.966663719	27611.314006940585	33641.44660955023	13275.859797931567	2543.2555740500957	154002.8312833745	137215.64941802266
ARG+POLYAMINE-SYN	4755.901739271991	3376.8095965017505	6611.928248185267	19072.96862601696	5362.416446349453	23304.238190158656	5377.973882970488	8141.292018474895	4798.56305271746	453.5594831984111	14115.717928505674	41612.30282215623
ARGDEG-PWY	1061.0871110276935	19.848576130685654	22.983288606737215	107.137183864377	42.52627154634355	52.966378085921384	2.2468780291908503	20.899944614301916	82.93470561230636	5.577017608085655	83.71649487535305	97.20819628938078
ARGORNPROST-PWY	4591.9534351662205	2817.772395719066	3712.6036241702063	12575.80922532316	3154.558421616628	13048.672524367303	2834.3458834462785	4026.7471078443887	1791.0397899508407	195.069668528858	27547.78306163949	16501.208970748743
ARGSYN-PWY	54237.22834333367	12306.562407333218	42238.04789880304	50906.81884891398	18931.13870297045	56761.711249744745	14347.65478528012	18852.994454707237	7522.868936055426	1207.176939215296	83545.27455933073	87216.39423605012
ARGSYNBSUB-PWY	39585.44464358982	9123.748332337193	32396.525878894794	47737.582977847305	13834.763200794834	54375.291729609926	12361.990726977081	18022.579490042524	7053.811859601292	1151.5487649425634	72095.60445363217	83255.03898527399
ARO-PWY	64472.20210602935	16348.511174745494	67513.87837717606	64609.60708550198	30794.97966716775	68808.44819014582	19369.605605197838	17898.669437640438	7657.33875216196	1025.6494512542436	107940.66023785988	105429.08490847865
ASPASN-PWY	109783.11076686309	33726.41675058082	138371.82254805864	71413.44405345694	71649.17408527016	61998.74112817301	20650.161290333835	20988.104338518355	5959.0447865843025	1412.242761889558	121082.91278218554	87718.79860626571
AST-PWY	764.5506106705689	27.812406240178674	62.78649179794059	178.74408808537643	64.90266637183167	80.46251107664828	3.305691584430654	28.579434008260254	199.36031611466828	8.94922128257805	100.39101155388533	229.1933774943992
BIOTIN-BIOSYNTHESIS-PWY	87134.81710885103	23582.749911743693	90815.66950338891	45954.7105338611	54234.50897848483	39467.5229898705	14472.39586738593	4895.355136387373	1517.7161358050914	320.23488710714037	88632.21912970331	63986.42308296214
BRANCHED-CHAIN-AA-SYN-PWY	101377.69051727575	28836.99381007408	118549.18586245812	76675.72188266137	63530.94657126239	79741.80272663636	23107.893041940366	22876.56695005077	9470.253311199618	1345.1040392020166	135531.3143598062	122673.1684278601
CALVIN-PWY	110851.03902814341	31859.623485982796	125106.14347894175	91968.19161515559	64886.30327666792	84769.77583823731	26280.952983517753	27248.726706406684	11321.50434345497	1641.5201426649348	175043.76594276185	119940.94889576228
CATECHOL-ORTHO-CLEAVAGE-PWY	9.880314250864696	0.5724788805792007	57.76389914529755	93.08072049055423	50.74992731265982	14.04562699224719	0.03720129673887296	1.5320673138944199	378.6973244086988	0.0	43.93002731800967	505.7478959812642
CENTBENZCOA-PWY	0.25603484498389634	0.16240423720627292	0.7081528691955369	2.659508016615102	1.653006343124534	13.409280792517816	0.108508999806429	1.4589413052129176	1.2131101591312914	0.0	59.42097093798967	2.4395168627544725
CENTFERM-PWY	4492.762324250793	1458.1706236175626	1585.6486500136182	12782.79791522049	1853.1208886130728	13626.105758373762	2681.332082154345	3354.4720965692572	2562.6954448291785	170.69961628431204	13362.728587829091	13702.584546303124
CHLOROPHYLL-SYN	1.6120875821669125	11.905075465534946	8.915053324596851	71.89615128093195	47.9746131059964	20.05358762497038	0.5541767479595013	19.45807159433772	72.21885031816747	0.0	221.63998599668432	97.98479623598521
COA-PWY	107084.77942242236	31877.567236786304	110367.67729565932	76764.57711769926	61509.34611495561	68936.76816787469	22419.06792216435	27741.742895701656	9189.251859483564	2077.7430889356665	119450.02665740068	105074.176753584
COBALSYN-PWY	61547.16298676459	15145.452647917133	65199.94793659652	30521.173399186577	34404.119737299385	33295.85938311084	9138.973802897222	10781.252489697026	6122.045507904732	591.3124950606125	68161.00740391407	48050.38621787159
CODH-PWY	2705.5700006363463	155.9842825781396	1940.0340366033386	684.131874855372	624.4002684833682	3221.6397341491174	487.45839311885493	279.4184158961739	408.9121908151808	6.136879356468371	4634.42686536652	5661.571314764773
COLANSYN-PWY	53093.97185404463	20808.82406480546	27194.188483038164	48666.357318635484	26292.00756243901	41746.98035772163	13721.711299555724	10303.913505369126	2545.0630511658587	751.1208411721859	44181.40445022369	71199.03055610193
COMPLETE-ARO-PWY	68956.44326308879	17426.937485757677	72782.13008371796	66916.79893434142	33291.08110075706	71656.03826857527	20078.807502383526	18709.385165529802	7980.72700260139	1076.3595274043996	112747.04911533027	110257.53121866105
CRNFORCAT-PWY	0.7240469489700536	1.6141025006744503	10.069243546645284	57.2175113798723	21.66769874957362	12.59837383631807	0.6688546098681906	12.454039577676644	44.87677732305216	0.0	78.83484184720254	49.781220504688676
DAPLYSINESYN-PWY	20407.71246834766	9799.254695972684	27521.87012619387	57145.75522989296	16533.037629858314	59443.729314657925	14747.996013966616	23609.37326327612	9241.116791565584	1476.051651329133	93039.07795159314	92564.72080121514
DENITRIFICATION-PWY	17.23409391452229	3.4525642794634237	35.79418076136853	130.463690539709	47.07614772927755	24.93096978540942	17.76804194694455	16.884428869875475	38.60823765361864	1.1285698108399576	111.4553477801387	1092.1179501772417
DENOVOPURINE2-PWY	85263.37239979312	31707.84402261218	112222.5841971971	57724.02169828576	62122.179515119235	45614.962505642055	16381.362205286769	26972.055635223398	7986.109292908141	2261.2817438408756	101706.05581725165	76742.54035839722
DHGLUCONATE-PYR-CAT-PWY	0.00020708080857553382	0.00046179055672172206	32.64867348915272	9.50434769187127	11.60601400038225	0.002063165993197492	0.00019113921695742276	0.003566976912875077	57.19672875299062	0.0	0.0018006593085962935	98.17039508974116
DTDPRHAMSYN-PWY	107893.25268882085	48656.67677664868	220466.7729654469	73520.56602885475	117629.5724702203	63305.28388843643	20980.890799978984	17115.90525007467	6506.586570165825	1047.6547604942127	134726.76133974327	90245.18634448932
ECASYN-PWY	1659.5998316260348	62.90562262957433	76.5930013046579	303.9762749850032	116.97353530136571	169.28635261111444	7.51200510903878	80.88523999079686	232.72311953472737	19.20674448918035	247.11058039735985	503.1828983108014
ENTBACSYN-PWY	3433.231977199438	200.7059145400376	270.63172575344777	1021.4320482642222	393.6579375682475	948.2590455257651	60.230745026755386	560.3767275247636	574.2258000531359	47.488091604317255	384.50855758311025	1294.0032574263353
FAO-PWY	2724.8237317813077	892.6883039840818	837.1986109920973	9742.298896923327	1021.6021176031412	11016.509729905667	1931.6948445679955	2425.9200038581407	2168.3933660176467	118.43244390290315	2166.006914391351	9900.404025817043
FASYN-ELONG-PWY	118826.2566385837	44854.53687754151	151463.9902737258	76030.62666866629	89662.7460027237	61763.6596000141	23248.405658776563	19038.02681901136	5763.5868746600145	1420.4003013009865	128164.98448256607	92861.42287915703
FASYN-INITIAL-PWY	62633.52116660841	22466.91353081251	72716.3617482554	42419.05513781193	47617.658433944525	33871.32545330837	14325.907758075222	4617.643922956627	2009.5429299497384	371.15325932728456	95664.9387831789	59334.77434906801
FERMENTATION-PWY	18475.358506571054	21511.83513959072	17887.565305156484	54043.57099439651	26328.50188172059	49790.438496424766	14218.00278408931	11598.68199591782	4946.71102795827	751.1523696375631	76259.46354671654	72429.46059229446
FOLSYN-PWY	96818.04850578515	26376.030186375418	104495.23745090468	49230.28319062451	57292.6922355865	35759.337234074825	14616.837821645478	8477.9124629092	5334.532842756875	514.557259186581	92818.89812588171	61552.154349080505
FUC-RHAMCAT-PWY	24602.388343118622	1704.5001895266853	9681.647446905185	12478.755635060239	2724.433605532666	14167.929261051313	4686.564148932779	4049.1692395388327	2609.429053913322	204.39568154279732	41641.835933853254	25346.967522589963
FUCCAT-PWY	16172.136951472217	865.2329428510691	4865.381945876366	9760.171094312976	1305.0978250942846	13793.14518617995	3601.376341373737	4892.257653208569	3001.353219543249	196.44583118437453	42412.562631493005	27494.44816049067
GALACT-GLUCUROCAT-PWY	52635.85571921659	8758.40473969275	45267.73345176968	22152.61231203191	17361.23089294429	26166.50453965122	8082.90288881312	5590.95579845339	2485.7835718476404	356.73862537326755	87653.43573005692	32941.164381936534
GALACTARDEG-PWY	1635.985706699573	298.18458121163496	915.8057293629829	5439.93333728739	370.2556603721267	5747.661629852378	1069.0955264292538	1195.400425768629	661.3609874741007	70.8158419290317	13513.407842526112	4152.6407801017285
GALACTUROCAT-PWY	55510.987444029444	11449.47999021473	54678.88250502715	31101.934220417428	23432.694436638474	34306.38259700698	10098.001581581884	7183.422163673453	2846.131197893989	483.76688755121984	111817.30515124896	46120.635528851206
GALLATE-DEGRADATION-I-PWY	4.87258627941143	0.038424390942354635	0.011569274142439367	0.22107827684963025	0.16268241276254922	3.208507400268282	0.0010900091486471335	0.05654138943538553	268.7515388043431	0.0008822198145376125	116.536087749154	228.60279497999585
GALLATE-DEGRADATION-II-PWY	4.87258627941143	0.038424390942354635	10.287650792875016	44.185992436763975	7.423100223602839	6.858919007381961	0.0010900091486471335	0.05654138943538553	283.2504481380179	0.0008822198145376125	116.536087749154	249.98184543548643
GLCMANNANAUT-PWY	8748.025204683358	15297.638672563282	26754.240028822176	45854.74241892582	15234.503830246309	28318.742410771647	9725.277282732608	24152.770542236576	5858.476536206517	2093.379679883155	73291.9443297714	40711.37847041033
GLUCARDEG-PWY	1493.2477410990907	306.10447026279485	765.940190557722	4912.134185563873	371.3701110908993	5568.976372852924	1080.6381500799082	1130.0501018241878	664.0029008859823	58.81848010409074	29054.761334267492	3863.216432210567
GLUCARGALACTSUPER-PWY	1635.985706699573	298.18458121163496	915.8057293629829	5439.93333728739	370.2556603721267	5747.661629852378	1069.0955264292538	1195.400425768629	661.3609874741007	70.8158419290317	13513.407842526112	4152.6407801017285
GLUCONEO-PWY	116965.12388458966	37197.80863066899	137640.16014486394	83405.98597279411	77547.66810587814	75547.01474130683	24225.522507938036	24433.65631477904	7149.974917684525	1760.6020140457224	131598.0987424426	111464.3332941418
GLUCOSE1PMETAB-PWY	20460.856071421607	1369.927114118763	1458.9124771444021	936.8022338132255	2064.276365573648	1079.9770164398892	1982.1724397769765	597.781158038681	360.32721607816114	76.670343376468	13941.940313035951	3133.26046230607
GLUCUROCAT-PWY	53466.372728810704	8953.199760678459	46915.70883529625	22222.02849137944	17333.001251509137	26104.469332721077	8094.293757538091	6158.180287561497	2723.2111141621476	417.0370420983768	84137.53526910265	32824.614647339164
GLUTORN-PWY	73173.83142177806	20518.380481733115	90264.49686221557	42375.04942839388	48618.63286211303	49304.38937340331	14201.815949955766	13578.90538387351	5446.151749025768	798.8539670112565	84120.69847522258	74335.10055293501
GLYCOCAT-PWY	106157.94767137186	30552.481199184436	114843.6487083573	81202.19034797794	63398.7338726272	81269.09795002009	24288.801660187222	28574.03654594252	9607.716989082555	1825.0479768241416	151206.38597302363	125994.46395948646
GLYCOGENSYNTH-PWY	24036.5126155552	24536.15493250816	58278.82962499687	79613.62333887377	32433.339534141964	73901.81678992561	20877.573473668723	33966.30786926197	11226.17967623996	2487.960724099754	111185.5192444993	122546.25060808986
GLYCOL-GLYOXDEG-PWY	2611.7962712027625	126.26928440272869	235.514702496697	1562.0133946952064	274.556263337379	782.8032980650381	108.1021402946575	94.80488638788977	661.9811926851307	21.89009251089248	762.3499543042227	1657.124895147674
GLYCOLYSIS	111437.11406133715	36081.46232681471	134240.57885326783	88189.1555584472	72966.42230719815	79329.56964192585	24872.331239583436	28406.921083718917	10701.483497428782	1884.29057957078	118109.01808279516	114892.15073703973
GLYCOLYSIS-E-D	21022.324155185106	5004.01636361628	29065.94175556674	33646.55921845812	9293.591289563214	34791.42042355462	8831.823192670896	9821.352469165693	5445.773642056187	581.6905351628234	70457.37489950209	46275.19484590888
GLYCOLYSIS-TCA-GLYOX-BYPASS	4711.860699363373	305.67289449052856	787.0368466316388	1845.4713108735552	1056.98368419931	717.3565822166518	35.36827357366515	347.5855279175216	1919.5480718941435	53.98777389986924	1320.7741945708833	3627.109905018893
GLYOXYLATE-BYPASS	2839.8127965886188	136.0784135895058	237.63093118165034	2291.345560424759	302.97495413190023	1003.7437249490924	114.78942398915089	175.20590397285991	856.9919595533436	31.515837900277525	785.332134095013	2196.3294102451246
GOLPDLCAT-PWY	1338.3308603283767	1208.0567609655152	887.8974422956826	5740.496831153116	1339.2011933464987	5124.798116664753	1467.7027586778838	4846.179234291663	1186.9851045285334	207.1352162449059	4971.72758077927	10464.255742075762
HCAMHPDEG-PWY	791.8630462032702	27.352207523448776	47.72935632799355	246.13020369173	49.904189740808434	124.20912736162501	7.096755991913524	28.15790100701865	138.71671087147578	8.880120981744659	227.52788119522677	334.84286636967846
HEME-BIOSYNTHESIS-II	7040.667143677986	6874.167112162079	4919.235944819345	9374.177216617363	6683.160830547402	2355.6430800209823	2602.277796415508	477.9550683922635	768.6958628513079	96.75292094200968	6817.994720755907	6672.736348922831
HEMESYN2-PWY	7449.7293645563	7769.2816928924185	7038.376167700042	14421.194297854043	6991.960054347136	6838.177834220135	3447.7320552048423	14269.846348295954	4702.810314397066	786.770019554097	10801.409445220359	14909.555782839578
HEXITOLDEGSUPER-PWY	8393.410213757606	4338.975965327305	13647.901699898086	27888.057579077347	6309.162229296322	24821.072263234524	6179.560375552769	9403.55515298132	5177.016157051156	438.3775267657298	27964.81697365861	40209.9405477722
HISDEG-PWY	38528.56726957116	11272.908170506214	58431.428392737784	17577.69270567339	27261.434145834006	9401.140585749696	4516.100993844665	2203.457659176129	802.2831600965919	96.52152399957073	37461.06324485818	10204.898674112712
HISTSYN-PWY	87377.34302251546	24844.45422477868	107813.15439285715	61558.54864162339	57595.73161827742	68999.76905500302	19386.015370617733	15781.693704845482	7096.65923637223	913.3118846983775	100963.12271539445	108301.96864336789
HOMOSER-METSYN-PWY	48213.73207250734	13889.761482427422	35243.63651290835	38933.98172656369	28910.500967479835	40580.50876578128	11753.650044770495	7723.511110132481	5051.904265845161	402.81066952892644	61649.666980173526	66363.52521474662
HSERMETANA-PWY	53419.95893650501	14908.641394162281	38017.20517712345	40929.81882823542	31832.579652490465	44151.83144296658	12469.977560083358	7780.7579950910385	4838.426172355277	394.550712905079	68911.97165588614	72061.72064630302
ILEUDEG-PWY	0.6122217459663487	1.3653863297731916	0.6122342665581428	17.61581870168747	12.048856326639136	6.099868055282617	0.5656145763065278	10.549431606075611	9.185984610337169	0.0	5.32340247156135	17.752655237093336
ILEUSYN-PWY	105607.6139286794	30304.39544889248	125583.6915545223	84096.92404345116	66505.11598645004	84068.46239873536	24749.719719719615	24847.19844995968	10107.317283587994	1443.4855089451655	154892.56320512202	127097.03081483764
KDO-NAGLIPASYN-PWY	5481.1728426458485	202.77752956698518	245.6571930499338	966.8008417502791	379.5313375853597	537.570082369671	24.073861068095546	260.4546956054809	557.3599578829349	51.73288058357262	901.2740575736732	1414.3634294327428
KETOGLUCONMET-PWY	563.1565090610774	57.231792396494455	125.10961832495511	396.3628504274391	129.32242050425887	240.22729746128158	29.828599973093915	88.28373903454074	330.3458500709425	17.30705747253197	388.0626155019317	1026.9902876483713
LACTOSECAT-PWY	1304.1556954297694	4641.498001254823	3138.086695424721	11448.048295564611	3496.1129290682684	3214.114724694743	2413.6096653198333	14296.476771242176	2294.1062845556853	1385.459541069172	4643.85151067572	6209.536502707713
LEU-DEG2-PWY	19.53030091079064	58.142983323829824	110.8509456636813	1783.0955766462964	70.85061805993297	2002.3915115876136	502.1642286215953	28.17299050036645	660.6883959896463	1.2078837500849544	858.2569316717122	2604.962744715297
LIPASYN-PWY	5.000000000000001e-15	1.0999999999999999e-14	5.000000000000001e-15	1.4275000000000002e-13	9.775e-14	13.141217557117201	4.5e-15	8.549999999999998e-14	7.45e-14	0.0	80.8435612757175	1.44e-13
LPSSYN-PWY	1694.867784764361	105.3974446432996	172.4159327212864	278.44728129889376	211.71339044664026	403.69186876686047	20.87658785584992	100.77725122347292	3.124767336907058	0.0021462529562469457	801.9719301405744	734.2830959317914
MET-SAM-PWY	62417.03983892654	18483.397895150014	48061.05652488697	49758.4930271591	37577.05286897417	50202.947574082886	14878.299553194198	10790.807275131288	6200.8126476877615	593.183720287835	77158.59303568456	81605.92094174348
METH-ACETATE-PWY	992.4976411151696	1138.086633782583	2953.779194980808	8572.99415770233	1607.533719337537	10701.795757276515	2289.8502013912052	4013.393034088078	1674.897329321247	102.30147808323046	25260.36754569733	11967.196762230922
METHANOGENESIS-PWY	0.0	0.0	0.0	0.0	0.0	0.0	0.0	0.0	0.0	0.0	21.042878780773957	125.17047724478915
METHGLYUT-PWY	1212.0954260517904	44.35744548448963	82.85660136807124	313.9748859365023	106.62888238679935	322.58963207692545	16.21498667416464	49.98029644849608	306.1879322693483	11.66152481292114	236.8237315802686	547.0950561349796
METHYLGALLATE-DEGRADATION-PWY	6.090689778569682	0.04803048215969774	0.01446159255142351	0.27634775425710534	0.20335296448224838	4.010613740746732	0.001362511426947475	0.0706767199995916	334.9954158042645	0.0011027747019652465	145.65506796128832	285.68068112488277
NAD-BIOSYNTHESIS-II	1984.2117437598185	179.61011263301106	580.2425348968857	1512.6084030504367	316.05601029514094	1950.9377301497514	243.55493924819666	1836.2813677304014	850.2330209683928	29.700216644931146	12074.396661643439	2320.8854612731275
NADSYN-PWY	0.987601746086852	20.5108846733866	49.61245208980796	134.42058910973816	37.80675860017242	27.44457457078779	0.7057921703101775	27.743790614267446	592.695282679804	0.0	50.7414181565669	815.3266631704477
NAGLIPASYN-PWY	100060.35969352844	22786.200506112935	97368.8746867023	35479.98240083635	54920.88062606051	31169.017884933088	13933.446961544958	3210.476487480583	772.1160055153313	248.17609363695018	78602.15091812641	46638.576097379046
NONMEVIPP-PWY	103101.4514128786	27134.313737816978	112852.14217944362	69780.07936247706	60477.946016996924	70936.63689609624	22074.98874610456	18860.280842107673	7753.017543139285	1198.5994537422532	121440.29332632951	111512.20842165001
NONOXIPENT-PWY	132111.50759545222	34220.52921019649	140200.0692893425	115272.09580640405	69201.13658355392	109620.67628263171	32747.520218917263	40590.873990546665	16301.299899629166	2511.7895719658222	213128.21817347905	171532.68966154245
OANTIGEN-PWY	22315.682693097915	20823.211938532866	46275.6232112491	58617.369029667905	27301.50429027169	53733.66421221895	15568.325639338334	21727.73909775116	7648.906342234147	1447.2030416183484	54858.77880580521	79124.28014342774
ORNARGDEG-PWY	1061.0871110276935	19.848576130685654	22.983288606737215	107.137183864377	42.52627154634355	52.966378085921384	2.2468780291908503	20.899944614301916	82.93470561230636	5.577017608085655	83.71649487535305	97.20819628938078
ORNDEG-PWY	1188.757354336176	51.07978592480577	68.97663647322548	604.7626875584447	98.71519218638416	291.527313221643	30.627800589625625	53.99375784636427	206.1328387476816	16.164461106218628	281.98414008173444	450.64566066093363
P101-PWY	18.590996487305876	4.338853522954917	59.62202108254866	1441.0824035960939	16.631129083187073	804.4669366747481	118.46606182187132	14.65981480094899	93.74418410186418	0.06268551626811089	242.50775578855928	1082.9895183357623
P105-PWY	6682.117290374705	511.4264735743045	1136.2320401116685	9087.282702227829	1386.314367241041	4507.090851576808	706.5951993450913	700.4525092929357	1859.4752049747217	97.31087465766753	2439.761087161799	6980.0110771243935
P108-PWY	116747.79301788399	27073.714871915305	121582.94194774068	59058.53976482916	63769.03599910121	54386.21368250294	19124.90098162654	7256.650942492868	1294.808129705135	463.3798374939527	88795.48068920772	70340.74201474132
P122-PWY	11734.499664923042	17043.199606086535	17612.163688809105	40750.698512698335	16830.918636444487	30698.55829543971	8903.954039474447	19593.474005220618	5028.077412839336	1768.7343007219529	11584.25247032423	29392.155112099037
P124-PWY	13898.029394927169	20444.261046671254	23454.093357631213	52852.599970224655	19491.3075590784	44042.43720890546	11943.905095996344	27501.84343486828	7214.686122136174	2296.6147272122394	13452.90218569981	39603.65429662146
P125-PWY	260.5949042442338	938.6582208839847	528.2775783673992	4810.240442213989	1056.0261750706024	9483.413488747157	3106.348733597219	5521.385348098606	5776.667126851445	295.8788873140057	9859.667064483046	33001.264027614685
P161-PWY	10085.070868311692	16263.36601191817	9546.018104356357	42547.3185248112	16172.61077525294	38750.96929129746	10592.981836471332	28251.094338186245	9670.495157983842	2432.707208762171	84055.33940889417	69571.76480157704
P162-PWY	220.18467257966435	417.6544707092739	998.3769061790272	6460.92337549052	764.9351857213784	5772.794657280138	820.5077789607502	2606.659783651189	870.4967242551946	61.37526508329134	4438.848923603332	11983.085479404448
P163-PWY	1336.3305018219444	1002.5873982119786	2915.285867787172	10980.086000659345	897.4707303668968	14374.380079028693	2390.6047197248477	2100.531190175715	957.5825292873355	90.5837484873109	1958.568432820458	7651.473236871807
P164-PWY	16072.18073787544	2812.9409758511338	10728.635897359967	26367.573990070163	5315.074870044447	20562.21322179601	4294.417668355441	6567.388801863796	5134.403854222231	248.7749247183796	106366.31210557156	36691.48420244669
P184-PWY	0.008801671201019217	0.0	0.0	0.022682357454885452	0.0	0.032982996693737526	0.0	0.012666945381848217	318.5681854247654	0.0008823410296589896	108.08923594846821	253.31543587382083
P221-PWY	1655.2023608853547	1335.553962456034	10948.811707362833	12781.786087525785	2913.614403910044	10669.461952632015	2533.437588463935	3748.474520742661	772.9066207471719	226.7399944910527	4504.634750689681	9267.898836810222
P23-PWY	9693.957989034074	1667.5168770702066	9149.104960626888	19281.216572015182	4352.633855739895	11776.858436189597	1920.9923926598917	1623.2648323260635	2725.7529061695873	200.39262060046886	8040.974244222682	30238.1607179944
P241-PWY	0.0	0.0	0.0	0.0	0.0	0.0	0.0	0.0	0.0	0.0	27.71936747896929	178.84972303789124
P261-PWY	14.073344229246407	9.342724897859453	72.12325521683256	253.2269205691982	25.836986048833992	522.4720404380207	100.82429899669096	74.71161022278112	29.647358120264933	0.0	53.037827117224786	402.2330524327806
P281-PWY	551.1792388091106	0.5242304795712865	78.23719624829964	201.1790390853068	11.80887468172045	641.4013076968606	91.93185126158461	0.6453254006275889	544.3354422490405	0.0008219200242856724	137.6451581505462	1302.7475774974293
P341-PWY	105.00428101513343	34.96098273979377	74.35165332849398	1857.794723008999	93.31661465288244	1385.757630895309	393.2831140714436	428.5862347893122	95.57946148077151	3.3769921276682364	9504.957979381219	594.6206099849499
P381-PWY	0.0	0.0	210.24590007702164	6716.369901404614	92.62843355860926	3954.058645520047	644.8704433996389	0.0	1375.4889569644445	0.0	365.2946149527141	6301.766884766991
P4-PWY	15505.363728666784	3913.8018546063795	19936.22770111614	25543.104060315225	6810.487442548854	34530.49310562116	7744.426159093993	11358.31434930446	7128.881364603559	563.5008849526994	24834.59726559847	60487.81070616779
P42-PWY	138326.78514078664	37329.492588774796	156690.95020750014	79523.51816736357	81655.0862522911	70564.00113907641	25395.1180785676	11817.916530713648	4766.153652559631	787.1981211647588	151590.92589106003	101014.52789357507
P441-PWY	18300.889955374474	8589.157672127312	27000.381606991035	45409.55908745051	14119.295866735121	41463.91004759951	11457.529977060565	16540.4262631989	7355.412099712651	1043.0312412227229	79777.5531783446	57985.505794931174
P461-PWY	5978.059282397065	2814.0441619765184	9283.885499079846	21285.21985750329	4391.620150275303	18582.109210299895	4301.766024209491	9501.254285889876	6896.507698309457	411.7593730376771	16883.252644078028	34613.16273703018
P562-PWY	646.7741320456165	235.0300131031033	1010.1608133174865	5949.557309580671	460.37364581695635	4629.160772049527	847.8597677866218	1143.450988221568	840.9537942587375	40.41091882165413	8878.69140535982	6741.56685203072
P621-PWY	0.00014409997770530077	0.0003213594400687689	0.00014410017245633646	0.004146824745373661	0.002838162991628226	0.0014357863281469585	0.00013303723299543688	0.002483648193884892	0.0021634265484649904	0.0	0.0012529685139359924	0.0041789100332446875
PANTO-PWY	92414.51270808552	26186.201516044912	111500.52424023263	47219.13091913908	62065.59334652178	47593.00610873921	14824.71797364918	12689.460990945361	3649.768378192489	529.8248885442739	88207.09233588634	75609.29883098412
PANTOSYN-PWY	97047.35715418273	28899.20899592621	112544.05233304232	55685.2654007084	63054.95568125977	53306.44234578625	17066.20710697076	15248.12794767375	4571.6441049772575	706.1865061839749	97234.3511807386	83161.97171526475
PENTOSE-P-PWY	52818.27599940038	20527.97870226174	85523.7520929548	47771.52419149223	43344.17757346862	35795.39931333748	9657.073019914409	16560.08684824565	6487.688173601761	622.2504686846439	95395.09896975647	56016.31015144598
PEPTIDOGLYCANSYN-PWY	98244.27700558233	33127.07290264889	110330.81030803068	82120.6496968547	62724.72994658759	75351.16354511953	24016.086958889857	30785.19797164011	10230.337013209915	2396.010833571083	119779.57253865324	115529.81842886389
PHOSLIPSYN-PWY	73820.02641734679	27145.690932402045	81639.97924401204	73181.29529167747	44239.6867501896	71936.85850224218	20473.42234468808	31764.79467857338	10936.165982723296	2423.0455363955307	110145.30431076261	109635.76833139366
POLYAMINSYN3-PWY	2661.2349125380806	2007.9069094866693	3703.860059052419	10477.662740064545	3163.988059486895	8211.69868898846	3224.5724627349405	5449.326048210735	2140.02962570928	268.5812468523608	7958.932065006223	19572.505134870968
POLYAMSYN-PWY	2516.9289607799474	1964.5844156560331	3589.8091743818427	11735.039860916238	3131.588205159828	14739.912155939886	3322.0947512750477	6118.53338568355	3629.9651982045507	342.4801639638899	7725.575790298085	27516.298974006346
POLYISOPRENSYN-PWY	95398.20405236592	27448.02725431217	99774.2168117725	56034.91326818353	56821.90075443474	50334.099399761886	18526.394829062163	21075.127362438634	6927.147612576724	1854.9953956526915	100285.10809097085	78736.12924092627
PPGPPMET-PWY	1792.1557041936635	286.9003025990143	140.4112824992361	1016.6529240267828	388.2536001652403	2571.1431580794306	917.2623802617333	254.9064620244152	1016.8520717734087	23.65457099339669	687.2984085854054	3796.875740460462
PROTOCATECHUATE-ORTHO-CLEAVAGE-PWY	6.398021328625391	1.139059970742976	90.39546624981436	138.27550263132994	78.5224986945031	64.05601730713099	6.832002924877322	46.51251114061456	746.3390156856567	0.0	111.76927915751591	888.7954758453046
PRPP-PWY	33751.38999315594	23143.600943401885	55691.590839752345	32972.9762292517	35006.589098086304	22642.708793956594	5948.170400424251	5291.593882232589	4373.960659808132	155.28371106982704	25973.98464738536	26613.787571461104
PWY-1269	94185.25651925453	24081.73780049672	103103.59951469622	38655.44567728486	58273.4703306559	32407.476839081693	14043.523849959794	4311.9739885367035	1034.8337614418047	305.61171294045647	78516.97025244236	49792.61636457323
PWY-1361	0.0	0.0	0.0	0.0	0.0	0.0	0.0	0.0	210.57143651651762	0.0	22.644848403677862	250.091872990615
PWY-1422	0.216665418830456	6.688171309842266	2.1168836804243965	35.78214462957224	25.63708287344492	6.386685731393055	0.20101805396847597	7.691021319695562	48.31290016756928	0.0	1.8829278720120377	51.54704837463786
PWY-1501	0.00012492841883922178	0.0	0.3684557285013517	0.0	0.0	1.415818230687434	0.0	0.0	3.2037237558792633	0.0	0.0	165.5975583720127
PWY-1541	24.550814622212567	2.042770240776378	109.60521295145097	96.09667310881248	41.04365383705342	426.69998196989167	53.06612121591976	17.502684205720414	36.19470434353758	0.0	239.4079864901338	741.0746533670804
PWY-1622	0.5867138380254713	14.19590287181007	5.9368775060108385	149.3312233476369	62.740972703524	45.633760924729614	4.412867330391232	68.23454920536678	31.43529063688335	0.0	730.5330947555875	409.08014628725743
PWY-181	7.798072886254924	24.719131580781806	9.96188662281874	258.71925454048346	176.20693964275446	75.84656971131803	7.196673135025666	138.6066677107365	1300.7538129614281	0.0	1379.204630170057	3898.336419229821
PWY-1861	4128.300611196936	3956.78260872171	22352.061017026	37907.21534332506	6233.368281093794	25043.434790174786	5776.1683382162255	7106.834640443006	4440.975830986856	325.9914211601671	59361.99117816562	32619.64635916626
PWY-1882	0.0	0.0	0.0	0.0	0.0	0.0	0.0	0.0	0.0	0.0	8.70103961607731	0.0
PWY-2221	2.6959208711992187e-06	6.013122272373568e-06	2.6959208676568993e-06	7.758259267468649e-05	5.310296029632723e-05	2.686169147630294e-05	2.4906755436835823e-06	4.646856647428936e-05	4.0474895559445035e-05	0.0	1360.0077112283361	7.818220750873524e-05
PWY-2941	9102.849457395238	15231.382115446722	11855.483999351223	37403.775494090696	15010.92967954183	16358.228107357832	7021.0713243807795	21657.288176108632	6128.026110912928	1840.1209040589504	10933.476345772831	28649.716116984473
PWY-2942	106213.22492356165	33045.65619498116	117941.73376451597	85266.62624105375	66216.99193655155	81543.03014100356	25298.022083684722	30400.024541397896	10959.222121347637	2249.5496722257667	141151.8056885832	129136.80387992902
PWY-3001	103245.11887916658	31272.696742889788	124026.49595674002	79429.8809784957	67489.25312233434	79383.06044684647	23757.40428363533	25510.932307385494	9551.911279148899	1657.8539802233563	131046.12681599062	123219.15807912727
PWY-3661	4.500141021879215	0.1055852984220698	8.501263001344466	0.6584928742773879	0.5054318540034807	19.36668959101416	0.007804211196402505	0.21179050236629215	19.01292347256638	0.0	247.89634842515972	119.63602356183421
PWY-3781	250.49178977125635	434.51023461230875	1173.444093331196	9130.871860813992	2241.969675977421	5494.385457741412	1287.6440783822034	1452.73888899442	3439.3218055982015	38.03520401569083	2520.4274946757064	12278.480208433899
PWY-3801	1.2967105257483367	42.178108075220564	12.713591227598029	282.1091600478047	177.89067474874696	81.14108371534886	1.1979292827145993	52.31560560703227	264.58966427171447	0.0	11.274015393267028	313.25098868165185
PWY-3941	0.015557823815643154	0.007335052238582558	0.024272959793668007	1.2634796278415772	0.0701126680876507	23.97847839125035	0.10816339087237277	0.06537097265464689	22.413702416388702	0.0	27.249775592268218	54.833953840276216
PWY-4361	8.620318667176823	11.779376758697076	1.7512664513759302	73.8249878052267	35.27096439122161	494.8002824787402	220.467328759196	22.305865586946712	112.5710373166209	0.0	29.925465753155375	177.56013118668287
PWY-4722	53.3506060263387	24.470584606485485	137.18698996095992	1663.0107510196447	124.23188262633548	375.9881568479221	22.438820767189675	0.17080786420632443	157.53567439951487	0.0	253.87013943078347	451.24125171682664
PWY-4984	26031.421285884982	2351.9676455904655	26422.841485600726	23159.32224602923	4591.220543264854	17712.421568634232	4136.455871901861	3046.9122625751543	3325.232472785466	248.75506763692766	32759.75887127632	21667.068289380804
PWY-5005	531.3566385213488	475.04414563521954	3248.4689507077505	7361.818717573245	648.7570689618946	6717.988528652851	850.9874099639795	801.382528993042	355.26040629524005	16.729942921237637	4760.918267829458	4822.8022596434685
PWY-5022	3507.635895579345	2806.7098568128636	6132.557048984267	17425.08413914651	2641.6194696647567	18025.09990574585	4142.885994212846	10173.806145112552	4154.575312587293	605.170772865435	6181.257782155738	26371.8493277384
PWY-5028	32.72798426477553	0.6280930371457676	60.850965890787194	74.6778450649002	30.17320674521394	22.483342857371944	0.01792434556285967	0.7805083628515381	748.5142317552234	0.0	167.72029033042963	1266.7887809188062
PWY-5088	2.4308655188847337	1.3099221455741317	9.830718901527943	57.69158464204652	13.392598358166355	80.76338998405511	6.6875503740980395	10.387248882094422	9.544875037648671	0.0	2199.3653828255824	423.3442614666423
PWY-5097	99400.1130716981	31333.34038870877	114900.01474232356	83933.59530706689	62895.22833059613	79231.04640859192	23912.887353788454	28920.120718065325	9988.279255868356	2165.971402443569	139716.5614967452	124376.68422035794
PWY-5100	97088.12332564165	32772.09706302352	118834.64454779013	90696.47737940292	65987.61776384493	87037.51806057635	26653.277354328202	41608.48350318127	15184.73217285157	2858.200197421327	140907.77373024466	133709.6123551876
PWY-5101	113544.4392823198	32339.229743471613	135887.32859578234	90655.64633311421	71680.24279950354	91568.22486489032	26485.00306018419	26402.23617958719	10848.854732649292	1506.4812498010667	169271.98324560604	137980.8992430083
PWY-5103	98335.69726579922	27841.00985697834	117965.12081412456	74150.00297935138	62683.139667502684	77524.28701326993	22269.062054407175	20515.595455817405	8531.561159187186	1183.723277929066	131136.70095402258	116461.56845827866
PWY-5104	105597.26067222835	29649.76076958742	125002.64504676883	85794.21497663704	64960.573666364304	88809.57533239826	25738.491615583265	27096.644716992752	10888.462164621906	1553.3215091853615	158815.28794179394	136744.59263317715
PWY-5121	100196.88134306142	27677.862458692074	109128.6884876132	70342.03535676246	59631.60182885844	69922.86869279205	21907.38425451776	20342.279459138514	8025.85993786931	1362.92109675213	117069.2597077176	108180.66100879153
PWY-5154	58983.13988540479	12029.371695792363	45950.51951558282	45719.02130184824	20356.83971603846	44384.94319719652	13109.42021442039	6590.545139860272	3534.9063325000743	402.62485308490324	76056.48289453026	66086.3137119956
PWY-5177	2094.0658564217447	767.2386577140368	884.7712212358151	8220.110148961989	901.5022047171637	9187.5716037104	1636.1554145613268	2126.334037807873	995.9758487025966	96.24561041476365	6697.246607802884	8452.278358772248
PWY-5178	21.151140386277003	0.00291970884154413	35.24886976254599	98.73699957651628	31.305552014835694	21.623925242450817	0.00012714862834663026	0.005311117733175322	107.8656849982336	0.0	37.25352014389882	163.51662610020216
PWY-5179	0.0	0.0	0.0	0.0	0.0	0.00042579903786915153	0.0	0.0	0.0007458622647341048	0.0	0.0007715816494877546	0.0009844815665108434
PWY-5180	1710.2707026369462	984.285652842612	633.1941854770731	4434.847127172669	1023.5577830764618	5239.154612226936	873.1507195062319	788.2994490653579	1190.921549030668	49.355537981960744	790.3659130762434	3328.3874846198883
PWY-5181	4.708793436146726	0.6966570013371767	52.942392976628526	79.06508466246206	28.7279853101056	26.573022764815104	0.0559799659419963	2.1394795727926468	293.025055195575	0.0	74.23013973776318	372.74936590702805
PWY-5182	1710.2707026369462	984.285652842612	633.1941854770731	4434.847127172669	1023.5577830764618	5239.154612226936	873.1507195062319	788.2994490653579	1190.921549030668	49.355537981960744	790.3659130762434	3328.3874846198883
PWY-5183	0.00028549720026343063	3.599999999998531e-15	29.73277720201082	88.43268025931765	23.358702964364483	19.281256759990317	1.7999999999933863e-15	2.7899999999960317e-14	111.69330501327077	0.0	0.6356480969454992	166.78019760893696
PWY-5184	0.20556792204708776	0.24258191233601767	0.39149166339936253	3.4559830975071923	2.2477927925270786	2.8521686190063	0.1228399529576187	2.0808815753691623	1.6815708422488658	0.0	2.6549951767214712	3.314946298963579
PWY-5188	22315.46266796025	2477.0539179133616	11982.67668707208	24695.83282585722	4944.764600111791	26391.102844230038	5755.121588460499	8243.055224636793	4796.915424680657	455.59916280772546	32765.66012080675	46500.799618206336
PWY-5189	20106.36882863866	2127.848381974002	10514.147255234242	21610.758020100442	4289.919559006385	22914.66726276763	5018.622693981589	7021.175213636297	4339.384278730349	397.25247127899644	32619.681486194826	41155.934514697714
PWY-5198	0.002518652373506531	0.005621427941049633	0.002520339008193505	206.47120202611364	0.0496142922579534	38.69482785754499	1.2539481814870128	0.04340923264263525	21.1591357703392	0.0	18.204539157154482	399.4315529021296
PWY-5265	701.7870966273002	318.5365396921464	677.2570008208139	1483.0771396139774	1542.6651733862814	1667.6787132392988	114.05853934022923	172.59027159224394	787.3855375360517	0.0	5114.439561779204	14584.19455899281
PWY-5266	1710.2707026369465	318.6734819012277	633.1941854770732	4434.847127172669	360.5731580835215	5239.154612226936	873.1507195062317	788.2994490653579	452.0411235118159	0.0	790.3659130762434	3328.3874846198883
PWY-5273	1710.2707026369462	318.6734819012277	633.1941854770731	4434.847127172669	360.57315808352143	5239.154612226936	873.1507195062319	788.2994490653579	452.04112351181595	0.0	790.3659130762434	3328.3874846198883
PWY-5304	18411.540268076227	9472.894693904562	60063.113031948815	5254.780620939599	24123.82901887613	8007.646068567074	969.5036378658947	3807.329448450884	594.1439292892128	78.00153183140725	16808.106047304784	9004.16368227463
PWY-5345	33198.35865473567	877.5817971693702	6939.456289484116	5020.478410121472	1375.9874565381865	9564.611909272693	2493.9144859946014	2349.8646929065635	2308.037522553513	73.71168048276732	3182.455159303255	13072.996667547497
PWY-5347	74402.59134695375	21751.68422588972	61558.51736933122	57245.42552448743	45230.356647312066	57356.87612607051	17267.558384254873	13077.867105137879	7065.583121040497	724.7822771585741	90741.39070835484	93795.63216220208
PWY-5384	21345.83764171809	1808.656740613676	4376.857025716839	9890.901551590856	2262.353423988409	12526.59327680288	2155.6968405854764	2760.8904829917733	2994.289480561738	282.9448770489643	49904.79408273255	18136.375599128503
PWY-5392	1.2362439619414618	1.885574469075115	2.235561091050768	24.894043925915312	16.62475652722994	8.42538529732461	0.7814129563892327	15.578106579278383	12.676830165809179	0.0	7.354925190676211	24.517553841936763
PWY-5415	208.85362403213628	350.06184737691024	436.0233036857501	1933.192796439749	388.99599223818177	1765.05501173148	372.6792051931113	67.84135641400844	493.6873204775642	16.264859885481794	536.6962839550091	2455.3194386987047
PWY-5417	14.10339576662448	0.6863871320596494	62.93161282207225	106.75999504400816	42.744799188793756	19.081842199770442	0.054641152751175155	2.2313037448615227	373.44258348089693	0.0	54.41941728027726	484.65361902696293
PWY-5419	87.34175403244261	16.13238316322972	50.67776867412208	135.73413704752627	55.55621620722449	23.875898357537903	0.7111429904256572	20.07476197636583	393.32664881848973	0.007213760431874978	101.02223664921581	327.44234998647477
PWY-5420	148.5667967374017	27.50218012144434	85.12555906052812	233.62009593304327	90.04410210177795	41.67467577136276	1.2439354963437705	34.66778115907115	466.84416681373284	0.012623123638579235	166.05838027519246	544.7273908134396
PWY-5430	22.611496553652284	0.0047090355935363835	34.91274115617701	92.94051092018991	42.563550163586015	15.342591246790303	0.0019607362154075046	0.03657763886494631	104.76464406020793	0.0	44.26363168689224	161.33996087613266
PWY-5431	14.10339576662448	0.6863871320596494	62.93161282207225	106.75999504400816	42.744799188793756	19.081842199770442	0.054641152751175155	2.2313037448615227	373.44258348089693	0.0	54.41941728027726	484.65361902696293
PWY-5484	100730.4618512525	35881.240853100215	126081.01491845588	83006.43109988187	70040.4928959078	68914.71505868623	22646.869531039672	28017.131657909864	9733.231659631569	1914.6576818179894	95464.9486599627	95619.4684845871
PWY-5505	7586.712136685828	5461.6042971321385	23452.761547276525	39848.205974771634	10326.970253315487	47538.63362471375	9987.648066752517	14305.572650326067	5007.15665919889	775.622236312247	106821.63079472425	59877.58809807353
PWY-5507	101.00056021799206	376.1476136082039	937.2036612130292	7828.920917552181	1050.428893994459	7184.825144721323	1564.1698433955044	2404.5565524875083	1403.82140930019	104.80140761357526	3742.2656799719857	15248.031586258652
PWY-5509	54425.87458150793	14681.696360683485	64132.72563829363	29239.127224627915	33519.946167782444	31803.638518512456	8632.108198812855	10323.482404523964	5803.522306504448	559.8811434544584	66469.76838996621	45211.2869348809
PWY-5529	2.09599849141193	1.10731958799038	8.550759912273692	22.844609413749296	5.544654456154747	30.619789643587964	0.0474432786257172	1.9472947068829805	11.744889046792167	0.0	313.53446272818366	21.820265629258117
PWY-5531	1.4700658399615487	15.42293010098928	7.899620767903532	86.57750246922251	63.06586383443609	55.04932027257148	0.5722071184061782	22.090216965046167	95.3629266017598	0.0	202.14087116302	120.14705340493141
PWY-5532	88.14095230132233	21.273023990575513	34.59669623444502	157.69949705999025	53.73092989041138	135.14201391153432	6.837905123082368	56.67761163636396	136.8032408588267	0.0	873.100644793188	629.7866042947147
PWY-5634	0.0	0.0	0.0	0.0	0.0	4.942253067123389e-08	0.0	0.0	8.657235477905546e-08	0.0	8.955758923179393e-08	1.1426887428007646e-07
PWY-5647	0.4054899381479709	8.770604139383236	24.23898840967128	55.997437365502506	17.672558805926716	9.711240074267078	0.3063692232085706	11.990342327184017	274.60656782088125	0.0	30.18811970745456	251.44774349359156
PWY-5651	0.6172535364592723	12.823289168816702	31.01360728724593	84.087956597389	23.63535583938094	17.15596674321504	0.4411264766857049	17.352651861870193	388.02522400609115	0.0	31.71959486940665	511.3156999495412
PWY-5654	0.5844403954130984	9.046408107357387	27.136801575786215	61.13238600058934	24.04113109949331	10.675547532373791	0.3348395793440517	12.696204589574727	279.8862894237075	0.0	68.71923302378929	243.29750834892403
PWY-5655	0.7271751515619149	14.179953981887298	37.310466178614185	94.69185238501753	28.00080240908695	17.789908316583002	0.5127502505918677	19.650677141387096	250.82606331176117	0.0	45.58796201483193	405.7442215277407
PWY-5656	0.059115137430928014	1.885103081277059	0.5762051649959602	10.048592929393799	7.781271761001857	1.7304419369957034	0.05429069180824622	2.3240411511512065	11.950319879838702	0.0	0.5129447518387652	13.77234050489188
PWY-5659	119441.81041234042	33090.25473694016	115375.81223429882	66096.19626342304	67184.08689578668	61785.18628874094	22964.120358315293	16601.78178051555	8807.733957662638	1092.4867005731044	148250.8635506736	103834.88830567879
PWY-5667	99148.36955423589	31731.37378333193	111431.58598520994	83862.64930344057	61507.50262269956	79692.81162701859	23286.310881682013	33099.40136970758	11974.704650598247	2556.092065030979	118216.62975448008	123289.42442850958
PWY-5676	6088.528156202215	5122.768202867796	12253.004068859707	47322.581405803365	5520.955363239716	54211.00542771585	10653.395956291211	18645.62394685961	4905.558305679304	891.4207854763463	35980.631046695555	60201.375996987146
PWY-5677	1296.5578931991913	867.5492477873205	1405.542311798337	12417.73267377358	818.7432312534356	16968.9683836312	3022.30337861099	3018.9089648482673	2920.3117103065997	140.37709427563394	4291.871030293816	15195.67653885517
PWY-5679	0.0	0.0	0.0	0.0	0.0	0.12202236325686278	0.0	0.0	0.21374352326930587	0.0	0.22111301484063445	0.2821263814439402
PWY-5686	109441.74080435345	34008.53128699955	119707.31681476774	86428.06999210265	67074.69024734834	79480.60501920884	24975.171979929666	31566.794470716584	10574.196507436083	2413.8352877764455	134098.5712468097	119076.59218526035
PWY-5695	103823.05092662593	33652.244725368226	127909.42132475317	73417.30696936382	71497.84246567517	66455.92446723736	23746.976297532838	14063.075131799464	7931.3230117970115	924.8343781092557	144674.5569737872	100770.16355136108
PWY-5705	995.3538690810526	93.18547262656887	265.47836797190115	1679.2942329691032	357.75733578988513	2124.8652351301084	436.55817480743974	770.7866156337195	524.356791952419	24.04101803111442	16145.576265916929	2417.911252580912
PWY-5737	0.0	0.0	0.0	0.0	0.0	0.0712911076334819	0.0	0.0	0.12487343139097613	0.0	0.12918811061538452	0.16482492055880907
PWY-5741	0.0	0.0	0.0	0.6231009472411677	0.0	56.72875277115411	0.0	0.0	0.87906915935858	0.0	555.9297417972676	23.2504772361841
PWY-5747	785.7783133732274	33.56161552835317	99.19863694964873	229.119390921684	89.17398682377983	115.61075109918782	4.1179162874618065	45.657671218848094	358.36404205217787	9.8989459809245	468.67230569137973	725.8709001826015
PWY-5757	0.0	0.0	0.0	0.0	0.0	9.488006599987022e-09	0.0	0.0	1.6619930799550395e-08	0.0	1.7193031999989565e-08	2.193703519995288e-08
PWY-5823	0.012428580232304871	0.02771826601905571	0.012428572597542325	1.3942818090874534	0.24473865592610763	4.045376413003781	0.011482121998813936	0.25133127675827116	0.4648130327037194	0.0	749.8352654026924	95.03892289212372
PWY-5837	22138.396389313544	307.50319662874205	414.1097347148006	1005.7791212710421	687.2479354840909	2265.766264245995	200.93210047646178	670.877510614399	216.17183182658724	22.75510147666201	475.6523997468497	836.4130155581248
PWY-5838	51084.372017777256	1026.1829302344468	1405.6437176529225	3289.0037787810506	2290.7456824024657	6816.715769844309	669.697540181895	1907.5500973728424	608.6138705031276	71.59897913231315	1608.8560726609567	2773.0737125508444
PWY-5840	34187.29822413159	1023.3672648109289	1401.9510376871572	3293.181567289666	2272.4256799929276	6849.693436529757	669.6147491234127	1949.6240873747447	636.3409831489927	72.44831475692311	1607.6814135615402	2776.4034061353204
PWY-5845	7650.879510251459	615.5791408019472	324.37626585447384	1356.7229042629297	844.231376082061	4904.359652441628	622.567212956302	307.6890731637748	546.5931400022625	51.64044681985016	561.2581586585904	1564.2765968162112
PWY-5850	7650.879510251459	281.8266871204581	324.37626585447384	1270.112898556852	579.8265402518487	778.0394783882364	35.750829535052695	307.6890731637748	508.9088646183328	51.64044681985016	561.2581586585904	1149.0521188150965
PWY-5855	2051.035148408707	219.07865157565442	599.1142438226185	3264.4712681729575	417.9990786883589	1627.4392680456947	254.25747302172596	337.5242950565041	1064.1301069247418	20.00257506223777	2060.232733750472	2948.1829209070775
PWY-5856	2051.035148408707	219.07865157565442	599.1142438226185	3264.4712681729575	417.9990786883589	1627.4392680456947	254.25747302172596	337.5242950565041	1064.1301069247418	20.00257506223777	2060.232733750472	2948.1829209070775
PWY-5857	2051.035148408707	219.07865157565442	599.1142438226185	3264.4712681729575	417.9990786883589	1627.4392680456947	254.25747302172596	337.5242950565041	1064.1301069247418	20.00257506223777	2060.232733750472	2948.1829209070775
PWY-5860	5214.555453101351	188.57863681143235	216.46428974263694	853.4741202872508	387.7619598579127	521.4796593874448	23.84908984036491	209.24058477350488	369.03218895893315	35.93896782692829	374.89503024801667	770.0694702826291
PWY-5861	39875.273336321996	693.4162277339994	941.1171565491771	2238.3910447395588	1546.2408217678471	4767.696032476324	451.86098688184677	1448.2568496422964	449.04969602015984	50.689450045557905	1078.5324269314826	1872.3914802080828
PWY-5862	5214.555453101351	413.71253058625456	216.46428974263694	912.167742093247	565.3917142395483	3383.5459809545323	419.70404322287675	209.24058477350488	398.9500103550121	35.93896782692829	374.89503024801667	1050.3429115209074
PWY-5863	24483.57828720512	350.93195690883886	472.99719079230056	1147.279685439674	784.129466746204	2577.360891078846	229.33982466793637	764.0642439258514	246.2153729484848	25.966245236428648	543.2692909017306	954.7798236309205
PWY-5896	7650.879510251459	281.8266871204581	324.37626585447384	1270.112898556852	579.8265402518487	778.0394783882364	35.750829535052695	307.6890731637748	508.9088646183328	51.64044681985016	561.2581586585904	1149.0521188150965
PWY-5897	47627.828255940025	902.5728165142312	1232.204430659043	2905.9917203289892	2014.8303477215895	6115.494703509816	589.2372361313834	1743.5496575293078	568.1384207977742	64.04814419602945	1411.3008830565652	2442.2599576539824
PWY-5898	47627.828255940025	902.5728165142312	1232.204430659043	2905.9917203289892	2014.8303477215895	6115.494703509816	589.2372361313834	1743.5496575293078	568.1384207977742	64.04814419602945	1411.3008830565652	2442.2599576539824
PWY-5899	47627.828255940025	902.5728165142312	1232.204430659043	2905.9917203289892	2014.8303477215895	6115.494703509816	589.2372361313834	1743.5496575293078	568.1384207977742	64.04814419602945	1411.3008830565652	2442.2599576539824
PWY-5910	4087.395561758849	7815.318827229768	5346.352120065958	19973.58317333128	7272.83527136276	7752.988512068512	3602.8377392544458	14665.881755884699	3822.6567838927695	1248.0719855019631	4307.883282692596	8498.809734233038
PWY-5913	69313.95597595013	21000.63602882259	102443.30164817566	22717.437970172676	48891.66759715157	11870.292625988779	8671.254951963363	3329.045023374272	3416.768392932927	234.70607859574977	62393.67276983077	31103.27056331616
PWY-5918	11946.74667241103	2875.7668208076934	7575.236843873896	14885.403565026418	5353.5943165363415	5190.634701390545	3857.3469223370353	1098.992071141076	1548.5735106297852	182.82366786362877	12925.283929632	13693.834474286718
PWY-5920	2518.2629338039524	122.38423416719661	304.7176106454977	760.3048403131617	320.9915273997778	299.4937647275462	12.683391981876223	124.5160042548758	626.535673990864	29.11404382724691	1349.260912935887	1760.0218264710124
PWY-5940	0.0	0.0	0.0	0.0	0.0	0.040346134164124775	0.0	0.0	0.07222830512743653	0.0	0.07259710128570325	0.0950280947555454
PWY-5941	24.23910408531213	12.918066083334082	15.31799891643469	141.36522218735905	51.165061553384426	1347.7164531975013	733.5087952483657	743.3224532034689	1783.8894051352393	24.859302890001118	153.31936304648258	5463.920110172078
PWY-5971	103957.71521988868	31001.70497681053	89716.9970922164	59077.133357401464	61823.57010834826	47169.74206458856	19248.845178729513	7817.435881198616	3255.178232418565	638.7456147671793	97889.41076895453	76707.56458910131
PWY-5973	121225.69928480215	41017.55695291838	135204.9156826027	88831.17773347	79503.28154912169	83145.0933691389	27429.877043563134	28885.715520585993	10271.69824997269	2004.7812910553635	139424.75806012924	129196.52447687698
PWY-5989	106616.67590565942	26816.544316966836	88492.2626165645	48679.92297185447	57951.167636603364	38850.92668086411	17009.496310651783	5138.400099058452	2263.2799547328314	422.2562130790031	109198.94172846522	68552.71561399213
PWY-6071	481.1271424606382	49.27792439352373	67.34625336482122	455.83651154496636	117.7706651032059	224.94023762257092	12.38113033334982	60.253070924127805	214.5528162009899	14.450895367302014	98.27377036456244	404.4054944599823
PWY-6107	2.6940339198471808	0.00020174281458018248	4.884449969150839	0.00260344630866234	11.571100878077935	1.2370855557050335	8.343493012478782e-05	0.0015577632464797559	20.390720412702393	0.0	7.0369825511286175	29.634092015998203
PWY-6113	65460.288589492055	0.0	0.0	274.0676042667519	33.70258163999644	6725.958219036101	145.0326724788321	2810.2764750068905	0.0	0.0	56.77933448631714	0.0
PWY-6121	119348.4802414383	38433.369057165786	129903.95053721324	89047.78783311529	74503.11246204753	82692.6845971975	27197.446472627205	32308.264240978213	10882.943140620639	2553.633892214074	140666.43118177474	126106.16228047134
PWY-6122	113330.41358836387	36633.071078910354	121763.9642168285	86758.32821757077	69662.74611090288	80573.78211121766	26306.801999025203	33203.08155180798	11393.432556518183	2643.3319579285308	139007.2268120285	123902.02249190591
PWY-6123	108401.06299286326	33820.95854382363	119175.28802360839	73564.0321350601	67173.8861357673	67912.19413389565	23220.00341489137	27004.103823427307	9068.623105496034	2179.623216717995	125056.24836349435	104263.64493313541
PWY-6125	72949.35926158093	29308.139747740206	104909.6315388463	48592.15476614249	57300.70227699412	36209.210736147805	13261.98647614469	24112.735200357627	6641.804926305917	2089.6130822950126	87176.97618428557	62875.962619282145
PWY-6126	111634.70652984745	37975.931900264644	133736.4664829453	88635.35463563316	75218.190791042	77008.33487593525	25787.72262843939	32182.892313563952	11493.88129550815	2546.356116122263	142269.39176092157	118933.11058931582
PWY-6141	0.0	0.0	0.0	0.0	0.0	0.0	0.0	0.0	0.0	0.0	10.178898386092936	71.22418108783035
PWY-6142	3.81336579269597	69.9399309292025	34.38218343078668	549.5709728141818	132.65237177006532	110.74201939235896	3.5349226021395004	131.04033429246232	280.6565643063425	0.0	33.26453401653799	707.50819421448
PWY-6143	0.0	0.0	0.0	29.59211957899246	0.0	16.788555096461057	0.0	15.38582787597546	22.175749191796605	1.023355735697594	101.50687599936316	686.8672890524803
PWY-6145	1.345755083485484e-06	4.396164397814931e-05	1.319865179568399e-05	0.0053154716962772	0.0001866109641622376	0.0017757975706391125	1.243300479345629e-06	0.0029903571428156308	0.007635578216719549	0.00029171433063847953	1.170197716816861e-05	0.1919913886058273
PWY-6146	0.0	0.0	0.0	0.0	0.0	0.0	0.0	0.0	0.0	0.0	31.23284791235072	277.9730557521645
PWY-6147	98970.94610783794	24670.088087754066	108288.92911813325	49914.00539411966	59308.71361421459	47372.33076927645	16887.815247063198	7729.891344128069	3720.8733289698926	451.37515927504705	89277.37966134326	68484.96751260769
PWY-6148	0.0	0.0	0.0	0.08246959752598536	0.0	0.0281310581328155	0.0	0.047668030911502235	0.11917245702103445	0.004769555427487663	20.937625536855304	126.42958651293651
PWY-6151	85786.7903250752	24309.918996937966	58427.677191953655	60432.81680473499	41960.72452508267	52642.76154288741	18561.34584490735	24107.068800483583	6228.735080159601	2031.7595972477613	97989.67649592199	83258.88866613817
PWY-6163	95868.98458643252	24781.170744670002	106159.53003006762	68674.71624617369	56143.70881538979	70480.378060594	21060.693127053248	17512.355718981093	7276.641804493953	1023.8309679383118	115674.7538380264	105352.70443703695
PWY-6165	162.34647584115626	7.290762546426674	12.755671759742807	97.85872189913522	53.71375726239807	377.95997153008597	21.291027078333137	118.05233224145704	81.08307156231025	4.199888305879705	336.95723600567845	1877.7969380744055
PWY-6167	0.0	0.0	0.0	0.0	0.0	0.0	0.0	0.0	0.0	0.0	34.51030544608727	228.3299402998566
PWY-6174	0.0002633222097676237	0.00856874587827582	0.00258141328131007	0.04591668630878214	0.036409819988254516	0.007784959667955168	0.00024327504535461722	0.010658879801199516	0.05522218167320949	0.0	20.408803134098434	130.85866341241538
PWY-6182	16.357918754086683	0.5534647530167094	57.50025444492211	93.10975897836344	27.077758574729287	16.17741075100481	0.03529906186773002	1.2183588778145662	395.0720206419154	0.0	46.558915089091016	491.6292697588485
PWY-6185	14.73919425880927	0.8751555894588819	61.494120839742024	103.78631335733537	23.294120894133155	19.874348218547368	0.06491288827363047	2.5844578513833696	209.30775858416825	0.0	44.690980453991294	304.3133308195506
PWY-621	35766.67622844416	25521.415864295064	67975.37834516852	70618.93964604865	33954.10307766807	49221.85226822427	16014.827702735405	32400.607689590048	11920.756512085221	2763.0052947409135	127424.72203921543	98850.75090566804
PWY-6210	0.3639198487172839	9.52726525235126	22.821707213412484	35.3942100774103	20.003567843453165	10.808420653650462	0.33654695938901025	4.667744356242683	123.47151816002766	0.0	24.377265005604038	189.40882529462402
PWY-622	0.008022650593121985	0.26173144796449554	0.0786628964816602	1.398492558857267	1.109418108521312	0.23679621332851905	0.007411104152652815	0.32454092786403416	1.6846501578306945	0.0	0.06975548730878431	1.9433949359995106
PWY-6263	45.88502973953641	506.7804230307762	419.33896387211644	851.2936293491222	720.0981623589879	3580.0934248911344	1142.5628666828632	354.3026374440267	592.5794946854925	11.249520845141687	3178.3278286325694	9110.800463887566
PWY-6269	55959.468725362705	14790.041266927514	64295.64705311247	29545.058690901107	33748.34881185785	32156.29197814219	8733.952175697024	10537.782267358063	5859.564118362718	563.6208721447521	66867.25535298088	45789.602552363336
PWY-6277	113330.41358836387	36633.071078910354	121763.9642168285	86758.32821757077	69662.74611090288	80573.78211121766	26306.801999025203	33203.08155180798	11393.432556518183	2643.3319579285308	139007.2268120285	123902.02249190591
PWY-6282	100047.09056067737	25958.247323696072	84438.80573371313	48321.51892154259	55125.799165634	38564.79762273971	16620.25664051623	5296.65784798306	2281.214167161206	440.748888570283	104012.2083791329	67523.88710781935
PWY-6284	25966.22074328516	0.0	0.0	73.17081712102974	9.085342579731636	1390.8496467072398	26.311446321182878	729.8292286171763	0.0	0.0	15.312890377845884	0.0
PWY-6285	41888.77015296807	0.0	0.0	153.44578421057963	19.075635071126605	2820.4789684102197	55.162399987540155	1398.1093175541503	0.0	0.0	32.147481521705046	0.0
PWY-6317	21132.723639109674	26671.10804334721	53469.14379443922	74128.76653164098	32804.85241168614	60703.058492430144	18207.607011286025	27953.49532679247	8903.78703776775	2229.6212928966925	89789.05564166649	97332.47327292309
PWY-6338	0.006707591080878761	0.0	0.0	0.0	0.0	0.009124949405905147	0.0	0.0	27.270781109891306	0.0	92.69516334109981	32.81387563731615
PWY-6339	9.739214023865165	0.0	0.0	0.0	0.0	8.74355694717892	0.0	0.0	545.3130011718763	0.0	208.56705911613898	477.12145530808243
PWY-6349	0.0	0.0	0.0	0.0	0.0	0.0	0.0	0.0	0.0	0.0	10.480083113814576	76.76298917345451
PWY-6350	0.0	0.0	0.0	0.0	0.0	0.0	0.0	0.0	0.0	0.0	11.324025641657405	70.71628705927587
PWY-6353	16110.418385014233	5504.517324363538	14931.864279123833	36324.98573134457	6171.842818923877	42364.75982531525	10108.675660429017	10967.586356632406	6319.10033032041	680.0789704014182	106814.81919688986	66740.5068057272
PWY-6383	0.0	0.0	6.247147274732797	1474.693009667742	26.96339504912275	662.8811775580909	99.43976966138793	0.0	53.4747900586969	0.0	12.39422776026742	784.986080890936
PWY-6385	96825.66384543559	32940.254764701014	109682.39931228891	81311.32937915552	62418.05023739006	74291.49232950516	23754.727352502177	30344.470763703073	10143.320997374576	2369.809025981629	114790.10430963531	113720.03430050734
PWY-6386	95467.19046277122	32671.424703933648	110193.64314805662	81257.0935272548	62303.16890535228	74795.14084276617	23882.712162276843	30100.18065364456	10154.391496073527	2338.3323039066854	116943.25023795565	114855.76402600533
PWY-6387	97429.34170167126	33302.676481025184	110130.64631393604	82947.64762790027	62603.253390853824	76693.1539811928	24252.279530697124	31437.14711776294	10438.741849620386	2438.0472211404153	121347.26128946399	117339.09567029946
PWY-6396	624.7948040899546	2027.6057526703628	1194.142006630325	7572.717803741872	2144.7742807072855	6848.028950464237	3233.620394697148	8824.008385958283	5489.11757742784	576.652079917149	11085.94104208711	15820.51056158861
PWY-6397	0.0	0.0	0.0	0.0	11.518963923457255	2.597359999970283e-11	0.0	0.0	4.5497199999479455e-11	0.0	4.70667999994615e-11	6.005359999931291e-11
PWY-6404	0.0	0.0	0.0	0.0	0.0	1.0381375981864554e-10	0.0	0.0	1.8184754549102557e-10	0.0	1.8812107011134461e-10	2.4002795001850265e-10
PWY-6467	89938.5802003483	20342.53866566799	86391.50194788507	30554.864858667468	49062.07475687094	26939.85143877823	12188.26138529026	2703.059457057074	697.6434816487472	206.05850552292387	70530.83494250358	41362.253869417975
PWY-6470	2165.483007117282	1450.32350574284	1685.9981677787603	11865.367233315694	2686.186186675236	15875.368967748595	2393.9981018220215	2009.6232421016684	2398.94065602522	102.4661306836026	3125.4821416403474	10994.513820126775
PWY-6471	18555.424175926946	19293.010814577407	30361.981944744646	55278.855739474835	21120.789093411517	45863.27926864503	13423.216617789667	26005.564522390243	7816.925332911904	2129.2209201700316	30596.21947874098	48211.95525235754
PWY-6478	16737.06802112899	2613.851616570025	27193.344491228767	14846.326885298298	5787.288989507403	9440.119918680668	3075.3772600515476	1987.9530526121519	664.3585136341549	156.04403022082826	53692.86781323947	10535.342874072403
PWY-6505	0.7096674079298525	0.9609811651091618	37.310466178614185	77.40887255748335	27.084501229345957	13.921506262572612	0.2770152105206013	6.2926336589309315	250.82606331176117	0.0	45.58796201483193	405.7442215277407
PWY-6507	59479.584174431526	16857.254850681173	79817.85409090637	26551.369445190154	38956.03622274672	30923.953582710874	9170.916027542333	5043.249464843024	1157.4083807792902	316.91887968193316	98493.00268661356	32450.80846766748
PWY-6519	95342.01070873391	25579.81664754237	93697.88345783149	46302.76623760602	57235.58065468574	38990.89153862465	15262.214353030304	4662.205648690074	1455.7367290108111	316.18977672025557	94282.50584526383	63415.14961957484
PWY-6545	25784.826281957274	10512.86602306031	25907.59635188885	26079.575465845905	18426.75651935489	23422.989059296106	7933.50433912163	11957.917509151053	4809.247175288128	1038.4632786968757	33524.05000182596	42488.2236215716
PWY-6562	23.543789208217486	3.9472430742602844	1.248226067361812	36.53223211689363	16.48773074691775	28.475987331077647	0.2600276462718727	28.41666583369558	62.69139520854623	0.0	396.1176817257818	149.3072422361684
PWY-6572	23603.362572027356	2142.0122113919138	21427.069868427	4115.588437269966	4008.271474836925	2818.9508507676737	1499.3912582095854	334.9870083516278	2.784164579459306	0.0	11329.532232220168	217.84001490997423
PWY-6588	5164.462522089228	3539.0769981065764	8545.875297722509	34115.34697240297	3640.91273318589	45312.05025808596	7888.953722010754	14142.207391680537	4747.634292614091	565.6435412077366	26992.309228393693	48224.07699503929
PWY-6590	5702.033422923767	1855.9349404988686	2031.2198934501782	15806.125216116947	2365.6937691449134	16719.894247212753	3348.943591273527	4212.754542066421	3116.219676512828	216.02597196581928	16698.609103173752	17076.997253393813
PWY-6608	29596.66585621284	6690.826668285585	26025.10931505123	31999.521087511348	14390.911817314609	36982.386986993944	9032.907299196768	8629.356204966534	7017.038793608815	510.8001274805896	144674.5569737872	61482.45555613844
PWY-6609	90967.48106774034	31459.62867960487	115797.30945963624	80472.76167870009	64963.692006746365	75721.34063145008	23427.274054346966	29902.870373583668	10331.589812913317	2209.7658827354785	128845.02796189228	118221.53959399085
PWY-6612	88510.87783763002	22925.513964504134	94461.75930824295	40203.69560933871	50959.70938392199	27992.23574205996	11956.209935656372	6271.770532741759	4373.756170415413	371.84028384597224	81956.4267516896	49599.14930177745
PWY-6628	17406.700058762068	4043.4684958159232	10608.327701795488	15921.19184486412	5440.955103392876	14547.249593888508	2643.415589245259	1107.5141403465555	3955.892319638587	120.19125477055837	49119.62206807703	37847.44507592632
PWY-6629	7711.6646345539775	296.01159476686615	365.9051109866095	1420.8462873599003	539.6620937588702	803.7373573891603	35.9253071766263	303.0892601696852	992.5569149903307	88.5060205470241	572.5553101871061	1234.793455493589
PWY-6630	17044.053948530727	4006.90714412122	10559.71305670282	15740.107351968314	5412.404778894492	14431.384113819446	2620.456430363002	1106.141100446178	3934.355732583541	119.86617443367538	47724.11689926137	37368.02886503257
PWY-6641	29.496255538157673	3.4961717594884885	184.19179776178717	168.28728919074103	59.256450381786856	660.2403100675994	88.9978780273389	32.45279608556235	66.4748695553499	0.0	339.4583528710635	944.9932218652532
PWY-6654	0.0	0.0	0.0	0.0	0.0	0.0	0.0	0.0	0.0	0.0	16.05257933945152	106.62017160690121
PWY-6690	791.8630462032702	27.352207523448776	47.72935632799355	246.13020369173	49.904189740808434	124.20912736162501	7.096755991913524	28.15790100701865	138.71671087147578	8.880120981744659	227.52788119522677	334.84286636967846
PWY-6700	106115.8185158983	27545.563252727356	105593.3175387356	50232.51533990062	62036.59868801196	48465.94047761514	17600.05748087363	11590.533932177977	4181.128691941355	625.3322870270986	95742.04192471592	79345.18367388415
PWY-6703	93621.61010798426	21972.49530824535	92520.16416811997	40311.67666217261	52816.60116488919	40387.75858711619	14025.509270382234	7357.015607310504	2264.780393500759	317.8837047539221	78043.74104984096	61177.24280827955
PWY-6708	2051.035148408707	219.07865157565442	599.1142438226185	3264.4712681729575	417.9990786883589	1627.4392680456947	254.25747302172596	337.5242950565041	1064.1301069247418	20.00257506223777	2060.232733750472	2948.1829209070775
PWY-6713	0.02679597595402658	0.05972239806732209	3.6779745160217074	16.07988375725675	1.7643597935368946	0.27027964106647856	0.0247402781143464	0.45959278452231744	5.70928714288732	0.0	0.23293721689419697	37.99803921590021
PWY-6728	0.0	0.0	0.0	2968.468079324161	0.0	1540.003115699184	233.60325639701472	0.6750327205737925	65.60305777176147	0.06753313949691336	1457.0420335828458	2180.671551778997
PWY-6731	9.134280828523671	5.512821534241137	1.7360275134136887	31.230885348074956	23.559254110149173	6.5489166055194765	0.25448201903848844	8.597527228803347	35.30595766887678	0.0	129.77670989897035	61.87489044856959
PWY-6737	138080.19040222556	36027.181599145326	148420.2713951938	90092.02771544665	81354.10736810123	90700.16039553	28388.547918624834	27047.494635715462	9467.078027809386	1677.8609259565953	172252.32838102375	141442.24905752184
PWY-6749	1228.627470571337	898.0869681240913	12415.290823186555	11663.827648567398	2168.6455237546043	13906.505195513362	3524.78667075383	3250.4490165500224	1468.1689037414765	231.4115343411102	11559.337653997285	9065.980043992566
PWY-6876	1.095450301266015	707.2323507296273	205.91849906334306	1059.3313586862087	447.1533211747228	465.5256042823401	171.32240793239723	15.691468251183231	1220.0130275332133	27.78920516704039	428.1708040378915	9348.488369195025
PWY-6891	3702.5222425644088	2271.43104209593	2365.2281839180987	12880.426422807457	3999.630582140531	17815.543233388056	3450.1170662739487	5368.831765022832	3388.195283895413	302.6574080383403	24086.838713502457	31282.44022712847
PWY-6892	73683.48550414575	23176.83062386543	88726.55265463762	48622.66529140555	54502.42358585891	50149.41404080276	14563.54315814233	11409.918451142608	4942.486998034955	561.5801816861897	86654.9078040132	78078.3120150364
PWY-6895	16405.74301676043	8488.122218159258	10913.660454765475	30658.250018281415	16019.128983774088	33391.35430192451	9425.509554454076	5193.972987452525	1667.4331856791975	339.48659078153696	61601.97043234997	53938.55838197467
PWY-6897	113407.28235266918	26473.65836164149	110471.40869945477	46067.39495255954	62853.0605930416	41732.912205563116	16295.065657363968	12611.797591265216	4471.452477082333	485.5358378039391	100248.76887698722	64445.51691406753
PWY-6901	58216.69271457864	23411.93653026322	76616.72226174512	48214.582841570096	45465.63583381453	42758.38217703265	12565.123930492991	15524.559277061358	8363.760078870433	753.889440917591	91458.05749862568	68353.58964463709
PWY-6906	52.49491935930745	0.3418532535358875	26.569143975261333	309.0037443049091	23.35747175735399	136.17932880284644	7.537526393332094	33.529872321535954	117.69140126600215	0.0	326.8853316541744	235.79453491611866
PWY-6915	0.0	0.0	0.0	0.0	0.0	1.0943371191232951	0.0	0.0	1.9169260945716777	0.0	1.9830269943844947	2.530195553946142
PWY-6919	0.0	0.0	0.0	0.0	0.0	1.35991033366351	0.0	0.0	2.3821248126589	0.0	2.4642670475781725	3.144222214409927
PWY-6942	0.0	0.0	0.0	0.0	0.0	0.0016129538913068802	0.0	0.0	0.0028253287008196794	0.0	0.002901748558434101	0.003729278388354994
PWY-6944	0.0	0.0	0.0	0.0	0.0	2.35782172919454	0.0	0.0	14.120331146464332	0.0	1.3068732426510123	5.596170921648016
PWY-6948	9.137281188096884e-07	2.038048661619007e-06	9.137373003467764e-07	2.629530856476055e-05	1.7998359654316162e-05	9.10429880317587e-06	8.441644555043894e-07	1.5749686652569644e-05	1.3718304219054834e-05	0.0	7.945324584363345e-06	2.6498547244989656e-05
PWY-6957	0.0005309337291295233	0.0	1.513319257115013	0.0	0.0	4.864917817833605	0.0	0.0	12.48312153461438	0.0	0.0	174.93330213148323
PWY-6969	84783.9194785106	25011.781421074786	115279.14149628425	48882.158854489644	57253.50399745547	41766.50542786622	15212.059541657158	8208.47966661655	2493.2517985373993	523.6704529227086	99880.35008427277	71638.4691162525
PWY-6975	0.0	0.0	0.0	0.0	0.0	1.0259999995713842e-12	0.0	0.0	1.7973333325824433e-12	0.0	1.8593333325565314e-12	2.3723333323422233e-12
PWY-6977	0.0	0.0	0.0	0.0	0.0	1.7372432858640577e-12	0.0	0.0	3.0432653460999775e-12	0.0	3.148227436720993e-12	4.016907449828403e-12
PWY-6992	0.0	0.0	0.0	0.0	0.0	0.03275606800807351	0.0	0.0	9.917974708593592	0.0	0.0	41.754624378929556
PWY-7003	4330.846370589165	6782.07408883542	7579.418999223876	37025.61340206008	7014.393955967958	18197.534649866222	7765.329935955091	18687.70611585533	6487.771264000203	911.6408815256458	42975.823324371864	31422.561712637016
PWY-7007	9.595095103755026	5.412629914328422	3.17253101403984	55.79411554339104	25.59701670241605	652.4850638235054	341.30255617709474	358.2289811611178	864.9975717180407	11.939451026111202	14.057870721610362	2467.6542740527875
PWY-7013	12623.621890435134	2470.377114959619	4129.055215999571	26626.27728524998	3568.11317996292	31515.101835649006	5224.9725028244675	11949.231201225795	3464.2743757981407	431.1732712752882	4371.6172395671665	17307.326222273543
PWY-7014	0.001067043840041447	0.003112456316806728	0.0013644628352577806	0.037848385314183955	0.026200940334819827	0.012822357839365299	0.0009858060906340746	0.020457552429586634	0.021049098171608525	0.0	0.010761306767035086	0.03957859607717521
PWY-7015	0.0007367831245816	0.0016433598910420997	0.0007367831245816	0.0212029810296271	0.0145128083366667	0.0073411834120178845	0.0006806905821752	0.0126996548037456	0.011061612282662638	0.0	0.006406682249864116	0.02136685359275859
PWY-7019	0.0010287363268617945	0.002663124422103935	0.0012009181987685821	0.06470811765262087	0.02271873270814054	0.02288063551683037	0.0021104480430088075	0.03953342220139515	0.025897489215552485	0.0	0.008945453957857348	0.06658172522706739
PWY-7020	0.0009569389880266229	0.002584722838902539	0.0011436454632464557	0.03842283306300953	0.02186174201034241	0.012996515722933425	0.0010938087475476583	0.021659184916740428	0.019606516289472874	0.0	0.008725402558203128	0.03980598546386755
PWY-7022	0.0011101667634102483	0.004056832684903754	0.0017088247307034442	0.045056388035013856	0.0316766817704948	0.014334244705656725	0.0010256458362899008	0.02231766514480776	0.027376664021275626	0.0	0.011268992046736172	0.04887304289799101
PWY-7031	0.003612142259838582	0.01409190683796009	0.006773297777426903	37.954361912743174	0.10863385866350624	11.941715145070775	0.004600667096842436	20.85817025663981	4.805293052162693	1.8805102813309627	115.34321070671427	504.6901764976604
PWY-7046	0.0	0.0	0.0	0.13935661452804188	0.0	19.52263187229296	0.0	0.08056197710681001	0.2009526546187693	0.008059518242621742	120.41771084958383	5.2801647363205575
PWY-7090	815.3879004401131	302.02961614544114	1212.9362923559063	745.4775437695175	516.8785065338815	1517.7586088037453	266.59796699246016	209.79872675163512	70.77144902018765	13.47467105063886	3975.5480471448445	1908.0857714657411
PWY-7094	496.40426786857574	265.2483932211088	925.4292839758018	9209.765470335915	427.8395176038874	8980.192736161891	1416.2044919746174	823.6376476140994	2221.4446766671267	21.38669008711155	856.5902799953639	9563.601361793573
PWY-7097	0.006707591080878763	0.0	0.0	0.0	0.0	0.009124949405905148	0.0	0.0	27.270781109891306	0.0	92.69516334109981	32.81387563731616
PWY-7098	0.007545911982924575	0.0	0.0	0.0	0.0	0.010264903427348369	0.0	0.0	30.579070852428682	0.0	91.17883101845338	36.757299373691
PWY-7106	0.0	0.0	0.0	0.0	0.0	0.0010243201598295912	0.0	0.0	0.001794278937688044	0.0	0.0018561506251946612	0.0023683107051093648
PWY-7111	103571.0211483479	33216.93688297231	128290.42046445867	95912.4904038141	69817.20268773248	99412.78953113213	26893.53729061865	28934.682966419405	11785.508640719505	1617.0164109756809	191394.03262753072	138508.5006860759
PWY-7159	1.4700658399615487	15.42293010098928	7.899620767903532	86.57750246922251	63.06586383443609	55.04932027257148	0.5722071184061782	22.090216965046167	95.3629266017598	0.0	202.14087116302	120.14705340493141
PWY-7184	39033.056869234504	19016.019858690528	41179.212839461536	34824.10213999404	25431.634281119306	25990.087990315224	9634.781976622666	19548.64178166686	4910.041865616066	1730.6465607596185	38408.429676679385	46208.51796099818
PWY-7185	0.00021466914810321664	0.007012553559017758	0.0021053928385653224	0.03746753890988387	0.02976698368132122	0.006336636501301179	0.00019832603031264012	0.008685633008435745	0.045150457533707444	0.0	0.001866649879185206	0.052071815661995424
PWY-7187	43552.05232724698	19657.140556953258	44111.77435621685	44833.92762816084	26875.25328449357	37688.768219210484	12598.624290517382	22598.732374902233	6183.535245165951	1858.451301601547	43947.572935924676	62722.49556409597
PWY-7196	74277.63099194603	28984.951842263737	102491.74281855697	48787.60183569518	56728.829378402115	37057.18108546098	13493.744860874242	23856.00302432078	6142.635607507757	1989.6248803567332	87181.9474730697	64336.29757818223
PWY-7197	45805.25258200621	19888.54979850359	71278.52412510608	31058.04253209672	38510.11540874021	24345.032241225777	8518.840086634016	19088.11175652387	4869.763604057324	1639.733221962726	52356.17064527278	44247.96843581571
PWY-7198	1712.458727034578	1214.1615111076217	7876.685352225227	9807.719940859815	1235.16558081266	12750.42826247258	2798.455472710184	4155.000888398506	702.5900435671441	147.78534599453698	18674.17390119414	14702.574722649768
PWY-7199	81786.42178558854	26659.8598393129	100131.9197452112	64148.17039931957	55867.58106413467	56622.90185623371	19216.009518840085	16946.68345698205	5225.023880898113	1277.140530376066	96320.46081759516	78354.16710679093
PWY-7200	44538.799123266814	19717.636138154823	49159.807129422275	39157.67252382721	29699.446879978746	31532.594495631358	11038.578663002354	18359.647228725218	4943.213195109911	1521.7887720838255	45539.27647782457	53532.27063098019
PWY-7208	111526.83057551093	37690.064144954405	120714.55662021352	90529.89866213349	70429.21670764349	81826.97586039378	26611.497024885957	35790.79100690791	12137.37890527148	2847.2525940251708	136260.1314621877	128735.06424065218
PWY-7209	0.0	0.0	0.0	0.0	0.0	0.0	0.0	0.0	0.0	0.0	868.013699177474	83.30989777067234
PWY-7210	2383.622937682086	1676.7806929374037	10136.918349985623	12074.371438377591	1716.8469985279448	14270.3566739883	3423.0621134690805	5400.575142098297	945.8039117402383	203.3853390949519	20620.673186225606	18028.747847457922
PWY-7211	44207.40659808751	20979.704724843945	57547.37636071082	22249.87580822592	34276.2265414774	22808.66712180749	5667.819199846105	8584.871899475093	2893.2622062322375	344.08834282316224	37186.1475904174	29079.778538162223
PWY-7219	113596.28274028923	39295.306905044905	136499.9779451061	91855.30444275826	77642.94848028746	84050.62871430964	26489.867270339786	33469.4554958468	11279.738575255144	2533.6121950144448	144868.14650475507	124927.45415748906
PWY-722	24.032478131315298	0.35005317654061124	39.76902893000062	36.11370816224322	10.234857789318706	4.999994153335347	0.010853725826838091	0.4509408400029121	66.60303480650967	0.0	18.73938813816088	174.1130103661225
PWY-7220	114159.28160294314	36843.67110011958	141525.1555367431	89648.76644935361	74174.83720404241	69370.66627318079	26039.957654481124	34214.659604461376	13452.72318900328	2883.633458675751	174553.60674999256	113895.86295640244
PWY-7221	106426.51222699815	39090.40793551077	127680.97526378262	85341.93760686021	73497.95328659457	74782.28763624655	23779.94564854726	31413.4577388157	10391.481693272304	2426.394514048797	128069.4886939606	114642.76800371773
PWY-7222	114159.28160294314	36843.67110011958	141525.1555367431	89648.76644935361	74174.83720404241	69370.66627318079	26039.957654481124	34214.659604461376	13452.72318900328	2883.633458675751	174553.60674999256	113895.86295640244
PWY-7228	69254.04920193415	28938.189606167107	101807.24757364672	44516.25701810976	56371.493633901	32730.45024108724	12177.222126708828	22951.47660812521	6094.470065733607	2004.2421168332116	79782.44187111365	57527.18888852573
PWY-7229	114757.97121212093	39500.68376805044	140310.59316635947	91620.15871897705	78642.77527819175	80776.53156736761	26501.304491160943	33347.21080211738	11962.910493581649	2638.552551402362	150609.43075129506	122497.46680403706
PWY-7234	15786.850552148375	22590.445740141848	21335.59323247439	40650.997613162646	22772.410579990017	19296.635123963897	10084.843423896678	25663.733568745814	6968.788222383726	2159.29311827037	16029.18278835994	23057.18455040068
PWY-7237	18345.25042306876	2111.993366188049	14878.769517557472	14200.050069702282	3146.0878094384143	20697.751368878948	5285.190060186465	7144.321777869532	6267.021133277262	640.9987976806001	33530.01368864342	61167.89990216063
PWY-7242	60716.00594449688	18838.126793130145	81123.17965180942	40800.75349557923	40670.998350182235	47207.231401987	12234.871471342189	9530.795798897943	5090.590266436522	610.665987049603	137385.2512088039	54767.78356646762
PWY-7254	2144.049482359852	1198.3976307421178	1544.8748607020138	15504.1971894203	1133.8337111528742	20510.49510833116	3982.755432131704	3362.920433178614	3251.7270268191314	157.86796011926373	5284.300017597192	16969.652219109616
PWY-7255	0.0	0.0	0.0	0.0	0.0	4.47849966364973	0.0	0.0	7.821780340291665	0.0	8.09933003529769	10.354172212673955
PWY-7286	0.0	0.0	0.0	0.0	0.0	0.0	0.0	0.0	0.0	0.0	10.106426087146275	67.16265777472874
PWY-7287	0.0	0.0	0.0	0.0	0.0	2.0206360734876797e-07	0.0	0.0	3.539503462182797e-07	0.0	3.661555303314947e-07	4.6718733421571844e-07
PWY-7295	0.0	0.0	11.828872902248959	47.64810143591214	9.538136877994274	6.972666135933047	0.0	0.0	265.46478117526027	0.0	46.60557324165747	257.5952574934951
PWY-7315	29756.52539663241	3907.393911237888	26737.971201582935	20097.674448504862	9175.949297423374	17036.739419270372	5227.734399763696	6707.134112966445	2675.2522485474324	382.37778898964837	39058.634399746545	16113.49785475094
PWY-7316	0.0	0.0	0.0	0.0	0.0	0.0010756621694961003	0.0	0.0	0.0018842133461219905	0.0	0.0019491864826064657	0.002487017552912744
PWY-7323	102597.5456509805	26442.377553547336	105932.79800602075	50355.50262871962	59331.519895784615	50109.4128965294	18520.92312651598	9986.287679001847	3286.818300989513	620.5564501175649	108026.15459772358	72390.34529790553
PWY-7328	19950.822057381134	14559.746523715396	15060.279947910556	27530.28323215847	15765.933804520353	13953.793127765417	5756.633514064918	3104.3096864393983	1034.2058394962407	320.0837804979876	16235.436569224485	13172.070266487865
PWY-7332	12191.093866816322	2423.2932679856904	19685.04382139444	11830.624451172738	4240.564375164093	11443.00445406956	3283.591972579132	4391.0166473634345	3586.931975783911	544.4268213621258	22070.68113922422	20464.89237799628
PWY-7347	0.5026686501238997	1.7080360774720003	0.7321215495955863	22.60909391019874	11.92012660215477	115.56763272507133	10.956570967864298	12.353218021489916	13.240926076212144	0.0	25.608679395769933	262.2728121734237
PWY-7352	0.0	0.0	0.0	0.0	0.0	2.8866100173757043e-06	0.0	0.0	5.056294007677822e-06	0.0	5.230258031457156e-06	6.674028794806796e-06
PWY-7354	0.0	0.0	0.0	0.0	0.0	0.00945588687296375	0.0	0.0	0.015583739043483648	0.0	0.014935349134316196	0.021458711322306156
PWY-7371	16.230696305199135	158.50644328337344	144.9089908865168	281.5968892770934	237.8282005395403	1075.403197277681	292.2814916255972	123.62358456921737	250.84285959675853	3.8200052242624962	1283.853804086624	3375.1915537361706
PWY-7373	0.0220525268155693	2.012792798168162	1.6970277032634413	112.5576725689251	4.00635913446608	51.279154889685074	2.7667458195905454	67.54720188286898	109.39090379323852	2.8542119065202796	406.2126714724599	2310.9834182303853
PWY-7374	12.483003861327587	2.172657381304534	76.21152278752176	80.79113806355146	37.078126665659305	444.72388133271045	63.07417445867883	20.126496036109625	35.31267721375167	0.0	319.84119885022125	816.3338415746534
PWY-7376	0.0	0.0	128.90747827310923	5074.580942163714	56.00181214249046	2714.0713939184766	420.7580347474074	0.0	1035.2111566954861	0.0	218.4340719723921	4217.759314797267
PWY-7377	4622.081630964671	674.4803892020127	2697.3276478998614	11275.46399337829	2125.133097492724	10565.271181350023	2049.3242920057096	2927.767559819901	3579.579811566155	204.13267612129408	10056.579504945968	22902.355615337412
PWY-7391	0.093260176583908	0.8961636102456368	0.7167253756478532	10.329805303906335	4.665588032703934	3.4128530443156397	0.08616009440983441	5.194239043674653	6.488292412808254	0.0	37.405303694640764	222.80439854162898
PWY-7392	18337.754417752676	19059.99572303309	18286.533067153556	42361.82708623734	22436.839929262427	25715.668369831554	10041.250236676207	18586.327808472568	6796.958946856208	1306.6413254280803	42539.0936813647	45372.33775007177
PWY-7398	0.0	0.0	0.0	0.0	0.0	0.0017225600809052898	0.0	0.0	0.0030828603709556683	0.0	0.0	0.004129187541388266
PWY-7400	54534.26133864372	12416.256156874628	42693.027470419445	51243.343564229384	19163.326528006168	57018.62353953148	14418.417122668488	18836.686420056467	7537.425105248659	1203.184666521402	83639.24500118115	87600.99109067956
PWY-7413	0.0	0.0	0.0	0.0	0.0	0.5210792333110829	0.0	0.0	0.9127036332464449	0.0	0.9442377643207321	1.204773991901164
PWY-7415	0.0	0.0	0.0	0.0	0.0	1.7139999991918368e-12	0.0	0.0	3.0024999985842418e-12	0.0	3.1059999985354544e-12	3.963249998131137e-12
PWY-7431	197.60487373726116	176.87938504039866	65.60530067409417	1156.8092343179824	189.64874516837133	2806.792214141251	659.1030072148886	1123.1540282530268	286.8356544704655	25.82326324127209	101.68286780855136	3985.2737816242648
PWY-7446	736.8047477303021	27.451430835887898	37.30047826223443	148.21581336867362	50.11791479182191	83.74148712350423	3.8368399946235647	30.60371512064905	105.8242896093266	8.409638735150143	90.09607977920912	136.36880424424328
PWY-7456	74319.14108055743	22082.098830790437	88499.43322398084	32993.40500803013	50515.52472964562	29325.83216013583	11330.635109328074	6579.669541353553	2628.4936940409875	374.0749622748253	62826.86398604395	55211.804899757626
PWY-7527	14.33604307846561	19.45145959396026	2.917430637436719	121.87250451873845	57.961412307249354	804.9036604307804	352.62328220120617	37.05206280831223	184.15504151243394	0.0	49.81393994205943	294.74745822930777
PWY-7539	101150.81456124036	24484.178120787055	106665.63448480029	50954.511959049596	58672.054055847024	47515.48101168662	16811.741665680292	7880.35427081763	3704.692311307355	460.0705623553238	90987.85171913201	69304.16316110008
PWY-7560	103101.4514128786	27134.313737816978	112852.14217944362	69780.07936247706	60477.946016996924	70936.63689609624	22074.98874610456	18860.280842107673	7753.017543139285	1198.5994537422532	121440.29332632951	111512.20842165001
PWY-7616	1.2167192644556678e-07	2.713832979338824e-07	1.2167192892206335e-07	87.38675754893109	17.34293274862589	15.043856289884575	0.16355263471298462	2.097212041295336e-06	38.89945400428782	0.0	18.487525430135715	222.02404909290598
PWY-7644	0.4952835220731627	0.08938992989913967	0.027758846118128518	1.5023502304325256	6.407874479304483	41.49473901184586	1.9731279100964763	5.440433335628839	0.3870834844484538	0.0	11.989062236376764	28.541450264100373
PWY-7663	133347.16376646436	47275.91172110604	151433.51086041649	96375.92343951389	89653.40794411668	85065.0544854093	28242.1117455892	28585.971863389943	10254.999607275919	1920.4220633313573	155552.9303761151	129421.9926977691
PWY-7664	103627.31355022313	27630.21986935711	89549.16983925385	52028.531019045506	58005.205309721605	41963.47804708945	17725.962413420963	6007.323581600848	2568.9696661840803	498.2605437190328	109419.03363797216	72722.01830101642
PWY-841	85426.640212863	32244.202859213467	112862.72795092125	56622.81112698922	63169.07013755022	44569.17768407473	16136.810722925155	25760.65395293821	7477.390065126204	2155.562011055226	99266.01972642355	75150.81986182964
PWY-922	2898.1586610914856	5920.329546966024	3801.188157680341	15183.318776407225	5284.675777879476	5615.056791402359	2650.691740594287	12208.451989562984	3050.705379263113	1059.0437364737606	3050.7486101551167	6099.946755150094
PWY0-1061	31380.095160184515	3512.464388537682	6618.536030268281	14958.961553558218	7299.874330081684	19166.520288355467	2818.8976350279404	13183.418657461418	2139.2940870055436	198.86289279552977	17808.012529407104	28706.2901933121
PWY0-1241	24931.066671283912	105.1107058937505	4408.859146500227	1421.785446285455	323.7481155014894	4026.8706527704676	1047.7967451745274	950.6628305690833	440.2023750694795	31.70948087169225	4306.6373349459145	5636.16626069835
PWY0-1261	27528.216413804355	2450.2158553029403	26872.538634410506	12396.815589456266	5424.337800253736	37509.36488228295	11952.478185177502	9735.166087449714	9499.496431526382	357.9044701463991	33780.42995230548	62728.94915965692
PWY0-1277	1548.8344360922658	92.7280147431784	164.92897090118544	877.8297223466477	155.16543366297358	471.38190560582126	27.881745038518872	104.7794303596932	332.4034557045311	25.864127675514812	575.2356020426253	1104.6522323320432
PWY0-1296	12180.817007834947	10109.621395329128	24763.357052534266	43452.54887235865	11499.313172608225	35582.25304563763	9401.610048705965	22438.870062080365	6768.2724802187	1826.304375805327	79765.35894396163	45735.62122046347
PWY0-1297	11902.983016378006	10409.126957559314	21396.48713699319	39776.447702596706	11504.603915685891	33843.54416415525	9006.43786623391	21783.167234828652	7087.8422721653205	1766.286305376333	77444.1496073701	47017.60072742535
PWY0-1298	9267.219770063393	10983.448233996898	18202.52743767337	39805.54255609706	11944.504531480126	33770.117500565815	9253.61599064635	20436.646589851072	7093.365233761547	1680.150812250184	77762.60304027896	48163.20038072084
PWY0-1319	99148.36955423589	31731.373783331936	111431.58598520991	83862.64930344057	61507.50262269956	79692.8116270186	23286.310881682013	33099.40136970758	11974.704650598247	2556.0920650309786	118216.62975448008	123289.4244285096
PWY0-1338	943.0568803350436	60.8610471420099	165.1115953410846	334.55275585793714	138.7061215378217	181.7477135260925	7.538687298500043	65.35861696768947	231.88377041506584	19.099009540333135	207.30867384559758	451.07291075319824
PWY0-1415	4865.410798735795	2006.6669501355605	5476.911586955897	3902.593340447445	2860.396957675732	2718.296455423651	1262.00270118127	633.541812953271	526.4620553106943	74.8529445862525	7777.586195391362	5769.956594830335
PWY0-1479	5577.621389722973	283.3614434946565	3180.5508195959346	1365.4142987075975	867.0616738704763	3159.0901046729214	488.7033821365571	348.00014794674286	1163.1448458594232	15.628065005088546	7843.938387257607	5074.756412025611
PWY0-1533	1197.5985130281106	450.8075126526124	393.2136098358376	1691.1784369665909	612.1600565287252	2431.204149630826	553.1527835197098	2239.0734067991148	771.0975254142004	86.93343772247009	1599.3364142099927	6294.882074573191
PWY0-1586	65881.06338275655	24638.74815863823	96799.75485215615	58672.16868902886	56714.02979622589	53089.83680438201	15650.023797944394	31405.69197310237	10519.44041864511	2513.2150440822465	66632.8212646733	72617.27815296335
PWY0-162	80857.17753595824	29493.69401310993	104507.56355299249	54986.9429862683	57663.08059749712	43066.341860541004	15270.851303944177	26019.318289497358	7221.490375857788	2160.3564428599143	95410.69519863206	73176.88160864776
PWY0-166	43872.91770640644	20176.05541138231	44538.091039168765	44273.95958637376	27370.476946626382	36772.02682160585	12520.510771100311	22572.311425940006	6155.54145118917	1868.3130795736906	43763.80452561005	61707.57270035113
PWY0-321	539.4728252525549	49.741502944733554	72.23304203273504	557.5939197727158	124.95387201181991	263.2707987431929	14.838428325715423	62.2894467104809	235.65281711075932	14.682689164049332	102.59309685992525	535.602776491924
PWY0-41	1076.0078457472919	90.65225926142313	280.851607096428	1409.2302888232803	424.2349045479405	1104.0148850660826	198.28696288636198	363.52085262094903	294.5147921870953	17.911890862475495	11358.949550440391	1083.4241433091913
PWY0-42	783.8290169709074	35.97790963212537	94.67685680988065	219.7176137842291	93.81086934274808	135.0624856443674	5.1120203888421045	43.857235683136146	320.010686011132	9.639720287867485	384.1092164119094	713.9679444293836
PWY0-781	15904.7841223125	4078.0707515799972	20242.43425607751	25958.17098364542	7110.593552730244	34623.514919877605	7857.837552103432	10834.40170117307	6799.310664470561	541.2919067622196	25609.08027320602	60272.72011112115
PWY0-845	44378.7465519765	15775.655228294374	67608.1337147663	13417.648360308185	35227.182848736236	6993.056505949475	2454.4894575341928	1498.0264298069897	797.4627625831321	25.443466645741676	11261.743762273507	2858.0496482600333
PWY0-862	99134.55592713153	25493.696467280384	82086.9362128325	47822.34145009061	53775.4701090494	38346.540120441765	16519.461717811322	5285.142908135567	2269.868946878804	441.7552525091391	102981.8120000316	67056.97123830942
PWY1G-0	0.0	0.0	0.0	934.7942591217959	16.0369091755367	488.26009112511275	78.08534571720368	0.0	23.489712315791298	0.0	8.23328236232992	602.4704967289053
PWY490-3	1648.6524440314972	1394.1212553863736	9419.517619192105	22021.657002670465	2475.054050438525	14252.026771421986	2759.0049633844856	5102.0075697473485	2476.577202519245	348.63960814756985	7972.64542398184	25971.17509835975
PWY4FS-7	55933.340543783874	20355.434449926823	51356.55735524101	67589.76825436494	26422.87634194277	67951.03309757456	18989.413530369755	30964.72055952963	10374.075292172485	2354.63350606494	81134.20667908409	103891.38114890482
PWY4FS-8	55933.340543783874	20355.434449926823	51356.55735524101	67589.76825436493	26422.87634194277	67951.03309757456	18989.413530369755	30964.72055952963	10374.075292172485	2354.63350606494	81134.2066790841	103891.38114890482
PWYG-321	102903.06276202678	27965.474233307497	90807.37354684321	52228.43992613297	58525.92185132297	41197.016540873075	16823.765093951217	5933.76400861537	2576.9035721805535	463.5106002840876	108562.19964435554	66818.30994514356
PYRIDNUCSAL-PWY	88052.23224652465	24262.02762307362	99802.91706392054	55756.16441336197	53381.294372772936	52107.35605349088	17026.520666841516	14723.201623790044	4464.557917680156	943.7444792232423	107230.13080205937	79927.26507113864
PYRIDNUCSYN-PWY	90622.49802562036	23412.438956605678	94310.86047193741	50741.68780528042	52971.50824863629	52017.714100672194	16842.814979133655	12151.731034934232	4226.9490501037435	697.0815614431173	91717.1857496598	82546.70966674732
PYRIDOXSYN-PWY	45084.693252713645	13604.356308364184	64411.51063850994	10823.163918274784	34413.89313463093	5681.392369789035	2019.7603873698076	1106.9804587674273	507.54603137556785	19.81454247351634	9183.040418209428	2290.2654244498376
REDCITCYC	2851.160911642913	3629.4567180438526	6585.378534977345	23010.904348744112	5167.858428277733	28617.63136886125	5875.162795957471	7940.980421224244	2906.3500517433718	322.47530438216955	18747.76653637942	30891.543896606374
RHAMCAT-PWY	49948.99485946979	10392.759459158795	43927.79698009345	18287.810096779725	19490.488506874848	18160.142951684516	7445.387637786482	3667.1222480382853	2749.1046557541563	198.25816770998867	61037.29910454259	34041.00402783208
RIBOSYN2-PWY	96889.39715313264	28118.115879220084	111773.45788361593	57472.0293248166	62242.947385997846	52360.651707455865	17207.847833060416	12444.019479665472	4963.917143038739	660.5908136082159	96452.76032526327	80600.41579189757
RUMP-PWY	3107.680385766563	3049.5342146036123	16794.88249702223	27778.023222318345	4738.590871949649	16969.021937515718	4451.521686054249	5308.846558682754	2849.182764880302	295.76970748562485	42378.17038314812	21833.991069893706
SALVADEHYPOX-PWY	8633.318328060448	3154.301885697453	7933.880270458521	28769.78422641244	3143.716481012913	33893.02073052613	7127.605196780521	9525.456445844411	6929.414972771789	584.0829992133039	147619.19058366606	56908.27247886217
SER-GLYSYN-PWY	97335.68450292482	30452.184884266648	117502.08228737953	81418.53353699982	63965.74611186333	73772.96058030946	23233.894451372926	27320.3596558324	8082.497680710926	1673.3721438872687	130808.6956043842	110817.3011031725
SO4ASSIM-PWY	28387.595683492244	1086.7467305920636	3420.7277304000736	7068.0153562723945	1454.9271135565077	8934.144227413166	1996.3757917384578	2795.451493694721	1250.9798846099993	124.82194010217722	38890.20419394209	11580.111879805088
SUCSYN-PWY	1.6755155767862047	5.6208430017760715	2.431613486671354	73.11229798931862	38.03519489333548	364.2653257227524	29.65825729579919	40.71436036352592	43.219461446067875	0.0	81.9005944934838	683.6180715750576
SULFATE-CYS-PWY	48090.76945800574	2350.2293137623406	7458.009164854531	14383.668811877558	3192.9780565378846	17642.7860523225	4074.0633089795797	5471.724281512034	2366.2888830081574	251.3456175562365	63252.774351542976	23376.584150936862
TCA	72977.2559378923	22282.099472529913	104789.65150561363	34015.953689373266	51613.831133317035	23791.67951812743	11122.49564096173	5619.722537224083	2509.8014286494686	372.5029755342345	77277.1148240304	48814.78300784663
TCA-GLYOX-BYPASS	2566.5555051736087	156.36202350097275	397.5498623001582	942.0326915478169	551.6333670269034	361.32808992373225	17.709888958791847	176.0346782814065	1098.969116822989	27.938997369479996	665.4030405433571	1864.4576129850836
TEICHOICACID-PWY	7462.141629116218	6588.830103104186	17739.709880018232	20104.45191502899	7176.441522493503	15071.198394313693	2782.500067028922	7669.68152611365	3273.5150768271747	472.87375982604294	15367.226579105067	25414.21703693623
THISYN-PWY	103612.49337897822	26047.923515036964	107250.51172910068	46975.56840050843	62149.206288805064	43520.60539173951	16165.813605579311	6129.004775437032	3960.4784995289174	368.82067167710807	97675.6828856383	67036.79583342443
THREOCAT-PWY	1509.7900778989388	99.82376636634801	174.2057377514118	726.455167742877	252.24552696686942	428.26252527353245	19.39880019921834	150.52177420553693	520.4274899754312	30.997251424222508	319.0030003970579	664.4210977848688
THRESYN-PWY	103524.89593154484	34378.94914779382	125277.0305757347	82971.81949455276	69916.90725754072	79074.3738091924	24693.51707529006	26212.491520586627	9689.357760487977	2018.1660007961011	125309.42889833177	127598.7588807794
TRNA-CHARGING-PWY	101702.0187052022	33087.5795129532	114018.30261984665	80910.53598251371	64689.160791886614	74670.13760712212	23503.63326152073	28734.006832305942	9566.806112649467	2140.8645729239097	123947.32784244412	115125.90013080635
TRPSYN-PWY	68195.39313970204	18410.72314711821	87628.07355993312	37583.78291519056	43233.970038201354	39283.22487779843	11476.747030651606	12748.428613258142	6227.0125173822125	619.7569550403696	80574.52708672427	59813.38936366081
TYRFUMCAT-PWY	11.668432345664867	1.1687263109224055	69.71516838869968	201.92653760640366	36.285135509441474	409.30379636470514	88.13298914388378	5.673631075022434	463.1926856929519	0.0	79.64665413652625	566.1706347165376
UBISYN-PWY	2030.2497746961499	219.72831594385104	516.0121250343329	2290.222741224302	425.0024661982776	1596.2256387923967	247.68558865684093	327.73308705900047	920.9140156022653	19.892920422311924	2067.7264031875784	2876.7755886253076
UDPNAGSYN-PWY	12990.591542014383	15085.911112067288	29265.880527940615	50454.50392939102	17725.158092614613	49689.77496359344	13161.01324205513	27741.261248256815	10241.51176725276	2040.1965310807127	35830.00883917296	81325.91112004632
VALDEG-PWY	0.018723316980686154	0.008810851741413793	0.02914034171586267	1.5280975995474353	0.08425053676595246	39.65447110457985	1.1898945908071015	0.07900218155351875	28.923741638036688	0.0	33.97543648910203	69.6864598289917
VALSYN-PWY	105607.6139286794	30304.39544889248	125583.6915545223	84096.92404345116	66505.11598645004	84068.46239873536	24749.719719719615	24847.19844995968	10107.317283587994	1443.4855089451655	154892.56320512202	127097.03081483764
